GO Term	Aeropyrum_pernix	Aquifex_aeolicus	Archaeoglobus_fulgidus	Canarchaeum_symbisosum	Escherichia_coli	Haladaptatus_paucihalophilus	Halalkalicoccus_jeotgali	Hyperthermus_butylicus	Methanoccus_jannaschii	Methanococcoides_burtonii	Methanococcoides_methylutens	Methanopyrus_kandleri	Methanosarcina_lacustris	Methanothermus_fervidus	Micrococcus_lueus	Nanohaloarchea_archaeon	Nitrosopumulis_maritimus	Pseudomonas_aeruginosa	Pyrococcus_feriosus	Pyrodicitium_abyssi	Pyrolobus_fumarii	Salmonella_enterica	Staphylococcus_aureus	Sulfolobus_acidocaldarius	Thermocrinis_minerv	Thermocrinus_ruber	Thermotoga_maritima
GO:0033026	0	7	0	10	10	13	3	11	4	10	0	0	5	0	0	4	0	0	0	3	0	27	6	0	0	0	0
GO:0000288	0	184	0	296	132	346	51	2	1	271	0	0	3	0	0	136	0	0	0	1	0	241	2	0	0	0	208
GO:0000289	0	0	0	0	0	0	0	158	127	0	0	0	186	0	0	0	0	0	0	53	0	0	38	0	0	0	0
GO:0000286	1	0	1	0	0	0	0	0	0	0	2	27	0	1	288	0	128	0	133	0	2	0	0	1	0	105	0
GO:0000287	68	0	24	0	0	0	0	0	0	0	99	0	0	69	0	0	0	2	0	0	108	0	0	248	1	0	0
GO:0000280	0	0	0	0	0	0	0	0	0	0	0	0	0	0	0	0	0	200	0	0	0	0	0	0	164	0	0
GO:1901176	0	27	0	0	0	0	0	0	27	0	0	0	23	0	0	11	0	0	0	0	0	0	0	0	0	0	27
GO:0042398	0	0	0	247	0	0	0	0	0	0	0	0	0	1	3	0	0	0	0	0	0	0	0	0	0	0	0
GO:0042399	0	1	0	763	0	0	0	0	0	0	0	0	0	0	0	0	0	2	0	0	0	140	0	0	0	1	0
GO:0071109	0	0	0	4	84	283	0	0	0	220	0	0	0	0	0	93	0	0	0	0	0	1161	0	1	0	0	1
GO:0071108	0	106	0	0	555	899	27	0	0	687	0	0	159	0	0	298	0	0	0	0	0	7	0	0	0	0	1
GO:0033383	0	408	0	0	5	4	115	109	76	4	0	0	438	0	0	1	0	0	0	0	0	0	26	0	1	0	126
GO:0033382	0	4	0	0	0	0	0	383	288	0	0	0	2	0	0	0	0	0	0	0	0	0	181	0	0	0	498
GO:0033380	0	0	0	0	1	0	0	0	0	0	0	0	0	0	0	0	67	0	0	134	0	0	0	0	0	0	0
GO:0033387	0	0	0	0	0	0	0	0	0	0	0	0	0	0	0	0	256	0	0	1	0	0	0	0	0	0	0
GO:0003676	56	0	88	0	0	0	0	0	0	0	194	17	0	38	181	0	0	0	0	0	0	0	0	1	0	0	0
GO:0003677	190	0	0	0	0	0	0	0	0	0	1	66	0	133	1315	0	0	120	98	0	0	0	0	2	0	56	0
GO:0003678	1	0	0	0	0	0	0	0	0	0	0	1	0	0	8	0	0	964	323	0	69	0	0	143	0	199	0
GO:0034178	0	0	0	0	0	0	0	0	0	0	0	0	0	0	0	0	0	6	1	0	249	0	0	570	0	1	0
GO:0033388	0	0	0	0	0	0	0	0	0	0	0	0	0	0	3	0	0	0	0	0	0	0	0	0	350	0	0
GO:0035794	0	0	0	55	0	64	7	0	3	0	0	0	0	0	0	0	0	0	0	0	0	3	0	0	0	0	6
GO:0035792	0	3	0	87	0	108	15	45	0	7	0	0	1	0	0	0	0	0	0	17	0	5	0	0	0	0	0
GO:0035790	0	0	0	0	0	0	0	67	26	0	0	0	0	0	0	27	0	0	0	24	0	0	0	0	0	0	0
GO:0097441	0	0	0	0	15	0	0	0	29	47	0	0	0	0	0	44	0	0	0	0	0	0	0	0	0	0	0
GO:0006511	3	0	8	0	0	0	0	0	0	0	0	13	0	0	17	0	0	3	0	0	30	0	0	51	3	0	0
GO:0006515	0	0	0	0	0	0	0	0	0	0	15	0	0	0	0	0	37	0	0	0	43	0	0	48	3	0	0
GO:0003746	22	0	0	0	0	0	0	0	0	0	0	0	0	0	0	0	5	11	37	0	4	0	0	5	34	0	0
GO:0003743	34	0	0	0	0	0	0	0	0	0	3	0	0	0	0	0	0	0	55	0	0	0	0	0	32	0	0
GO:0036220	0	59	0	64	0	93	14	47	0	0	0	0	38	0	0	1	0	0	0	0	0	2	0	0	0	0	0
GO:2001054	0	0	0	0	0	0	0	0	45	0	0	0	0	0	0	29	0	0	0	0	0	36	0	0	0	0	0
GO:1902662	0	5	9	17	0	19	2	12	0	0	0	1	13	0	75	0	0	0	0	0	4	0	0	21	0	0	0
GO:0043827	0	0	20	0	0	0	0	0	0	0	0	12	0	0	46	0	0	1	0	0	37	0	0	83	0	0	0
GO:0031586	0	0	0	0	0	0	0	0	0	0	0	0	0	0	62	0	0	44	0	0	0	0	0	0	0	0	0
GO:0090517	0	42	0	51	0	0	0	0	0	0	0	0	0	0	0	22	0	0	0	0	0	0	0	0	0	0	0
GO:0050504	2	0	0	0	0	0	0	0	0	0	0	0	0	0	0	0	0	0	0	0	0	0	282	0	0	0	0
GO:0002664	0	0	0	0	0	0	0	762	0	0	0	0	0	0	0	0	0	0	0	0	0	0	0	0	0	0	0
GO:0002665	0	0	0	0	0	2	139	0	663	0	0	0	590	0	0	0	0	0	0	265	0	7	0	0	0	0	0
GO:0002667	0	0	0	0	0	1210	0	0	0	0	0	0	0	0	0	0	0	0	0	0	0	1231	0	0	0	0	0
GO:0002660	0	1083	0	1051	0	0	0	0	0	0	0	0	0	0	0	438	0	0	0	0	0	0	0	0	0	0	0
GO:0044860	0	0	0	0	0	0	0	0	0	951	0	0	0	0	0	0	0	0	0	0	0	0	0	0	0	0	0
GO:0002668	0	0	0	0	665	0	0	0	0	0	0	0	0	0	0	0	0	0	0	0	0	0	0	0	0	0	0
GO:0030047	0	0	0	0	0	0	0	0	0	0	0	0	0	0	0	0	0	0	0	0	0	2	0	0	0	0	1315
GO:0048480	0	0	0	0	0	0	0	0	0	0	0	1	0	0	8	0	0	0	0	0	490	0	0	0	0	0	0
GO:0048481	0	0	0	0	2	0	0	0	0	0	0	0	0	0	0	0	0	0	0	0	0	1	0	1443	11	0	0
GO:0048488	0	0	143	0	0	0	0	0	0	0	0	120	0	269	1448	0	0	1024	0	0	0	0	0	0	0	0	0
GO:0004549	0	0	0	0	0	0	0	0	0	0	0	0	0	0	0	0	0	0	0	0	0	0	0	0	854	7	0
GO:0004540	6	0	0	0	0	0	0	0	0	0	287	0	0	0	0	0	0	0	0	0	0	0	0	0	0	462	0
GO:2000005	0	0	0	0	0	0	0	0	0	0	0	0	0	0	0	0	0	0	662	0	0	0	0	0	0	0	0
GO:0005737	382	0	0	0	0	0	0	0	2	0	0	0	0	0	0	0	0	0	0	0	0	0	0	0	0	0	0
GO:0042732	0	2	0	0	0	0	0	0	0	0	0	0	0	0	0	0	394	0	0	0	0	0	0	0	0	0	0
GO:0038053	0	0	0	0	0	0	0	0	0	0	0	0	0	2	78	0	0	56	0	0	0	0	0	0	0	0	0
GO:0042328	0	0	0	22	0	0	0	0	0	0	0	0	0	0	78	0	0	0	0	0	0	0	0	0	6	0	0
GO:0010678	0	0	0	0	0	119	0	0	0	0	0	0	0	0	0	0	0	0	0	22	0	0	0	0	0	0	0
GO:1902516	0	0	0	0	0	0	0	0	0	0	0	0	68	0	0	52	0	0	0	0	0	0	0	0	0	0	0
GO:0090646	0	0	0	0	0	0	0	0	0	0	0	0	0	0	0	0	0	0	0	0	0	212	0	0	0	0	0
GO:0047416	0	0	0	0	0	0	0	0	0	0	0	0	0	0	0	0	0	183	0	0	0	0	0	0	0	0	0
GO:0047410	0	0	0	0	0	0	0	0	0	0	0	4	0	0	220	0	0	0	0	0	0	0	0	0	54	0	0
GO:0009200	0	0	0	0	0	0	0	123	0	0	0	0	0	0	0	0	0	0	0	0	0	0	0	0	0	0	0
GO:1904829	0	0	0	0	0	358	0	0	99	0	0	0	0	0	0	0	0	0	0	0	0	0	0	0	0	0	0
GO:0097450	0	0	0	0	0	0	0	0	0	0	0	0	169	0	0	145	0	0	0	0	0	0	0	0	0	0	0
GO:1904822	0	124	0	0	0	0	0	0	0	0	0	0	0	0	0	0	0	0	0	36	0	0	0	0	0	0	0
GO:1904820	0	0	0	0	0	0	0	0	0	0	0	0	0	0	0	0	0	0	0	0	0	222	0	0	0	0	0
GO:1904827	0	0	0	258	0	0	0	0	0	0	0	0	0	0	0	0	0	0	0	0	0	0	0	0	0	0	0
GO:1904825	0	0	0	0	0	0	0	0	0	240	0	0	0	0	0	0	0	0	0	0	0	0	0	0	0	0	0
GO:0052380	0	0	0	1	0	0	0	0	0	0	0	0	0	0	0	0	0	0	0	0	0	0	0	208	0	0	0
GO:0052386	0	0	0	0	0	0	0	0	0	1	0	0	0	0	0	0	0	198	0	0	0	0	0	0	0	0	0
GO:0051324	0	0	0	0	5	0	0	0	0	0	0	0	0	0	278	0	0	0	0	0	0	0	0	0	0	0	0
GO:0051327	0	0	62	0	0	0	0	0	0	0	0	13	0	73	0	0	0	0	0	0	0	0	0	0	116	0	0
GO:0008156	0	0	0	0	0	0	0	0	0	0	110	0	0	0	0	0	0	0	107	0	0	0	0	0	0	0	0
GO:0043692	0	0	0	0	0	0	0	0	0	0	0	0	0	0	0	0	129	0	0	0	0	0	0	0	0	0	0
GO:0043690	0	0	0	0	0	0	0	0	0	0	0	0	0	0	0	0	0	0	0	0	0	0	0	0	0	0	145
GO:0016695	0	4	0	0	0	87	0	45	0	0	0	0	0	0	0	34	0	0	0	0	0	2	0	0	0	0	0
GO:0016696	0	60	0	0	0	0	0	0	0	0	0	0	0	0	0	0	0	0	0	0	0	40	0	0	0	0	0
GO:0030205	0	0	0	80	1	0	0	0	0	70	0	0	0	0	0	0	0	0	0	2	0	0	0	0	0	0	0
GO:0034294	0	0	11	0	0	0	0	0	0	0	2	0	0	0	52	0	0	0	0	0	32	0	0	6	0	0	0
GO:0034295	0	0	0	0	0	0	0	0	0	0	21	0	0	0	0	0	0	1	0	0	0	0	3	82	0	0	0
GO:0006541	23	0	0	0	0	56	0	36	0	0	0	0	0	0	0	20	0	0	41	0	0	0	0	0	0	29	0
GO:1900300	0	0	0	0	0	0	1	0	23	0	0	0	28	0	0	0	0	0	0	0	0	10	0	0	53	0	0
GO:0031157	0	12	0	46	0	0	0	0	0	41	0	0	0	0	0	0	0	0	0	0	0	38	0	0	0	0	0
GO:0060749	0	0	0	0	0	66	0	34	0	0	0	0	0	0	0	26	0	0	0	0	0	0	2	0	0	0	71
GO:0060748	0	60	0	0	0	0	0	1	0	0	0	0	0	0	0	0	0	0	0	0	0	47	0	0	0	0	0
GO:0051823	0	4	0	55	0	0	0	0	0	52	0	0	0	0	24	0	0	0	0	0	23	3	0	0	0	0	0
GO:0051820	0	0	7	0	19	0	0	0	3	0	0	0	20	0	1	0	0	0	0	17	0	5	0	47	0	0	0
GO:0051824	0	0	0	1	0	0	0	0	0	1	0	0	0	0	46	0	0	17	29	0	0	0	0	4	0	19	0
GO:0036313	0	0	10	0	0	0	0	0	0	0	0	0	0	0	5	0	19	0	0	0	1	0	0	77	0	0	0
GO:0036310	0	0	0	0	0	0	0	0	0	0	4	0	0	0	5	0	0	37	32	0	0	0	0	5	0	17	0
GO:0044450	0	20	0	0	0	0	0	0	0	0	0	0	0	0	0	0	0	0	0	0	0	157	0	0	0	0	0
GO:0071530	0	36	0	0	0	35	0	38	0	0	0	0	0	0	0	0	0	0	0	0	0	0	0	0	0	0	0
GO:1903828	0	0	0	54	0	0	0	0	26	0	0	0	34	0	0	0	0	0	0	14	0	0	0	0	0	0	1
GO:0034749	0	1	7	0	0	0	0	0	0	0	0	5	0	0	36	0	0	0	1	0	0	1	0	49	0	1	0
GO:0019896	0	0	0	0	0	78	10	16	0	0	0	0	0	0	0	0	0	0	0	0	0	0	0	0	0	0	0
GO:0046087	0	0	0	0	0	0	0	0	0	0	0	0	0	0	109	0	0	0	0	0	0	0	0	61	0	0	0
GO:0018802	0	0	0	0	0	0	0	0	0	0	0	0	0	0	0	0	0	0	0	0	0	0	111	0	0	0	0
GO:0055010	0	0	0	0	0	704	84	4	0	0	0	0	0	0	0	0	0	0	0	0	0	0	0	0	0	0	0
GO:0061670	0	0	0	0	0	0	0	634	0	0	0	0	0	0	0	5	0	0	0	0	0	0	0	0	0	0	0
GO:0055019	0	0	0	0	0	0	0	0	0	0	0	0	0	0	0	265	0	0	0	0	0	0	0	0	0	0	0
GO:0030076	0	847	0	0	0	0	0	0	0	0	0	0	0	0	0	0	0	0	0	0	0	8	0	0	0	0	0
GO:0031538	0	0	0	0	0	0	0	0	0	0	0	0	0	0	0	0	0	0	0	0	0	620	0	0	0	0	0
GO:0031530	0	0	0	614	0	0	0	0	584	0	0	0	359	0	1	0	0	0	0	1	0	0	0	1	0	0	0
GO:0031531	0	0	0	0	0	0	0	0	0	8	0	0	0	0	0	0	0	0	0	253	0	0	0	0	0	0	0
GO:0031536	0	0	0	0	3	0	0	0	0	552	0	0	0	0	0	0	0	1	0	0	0	0	0	0	0	0	0
GO:0031537	0	0	0	0	297	0	0	0	0	0	3	0	0	0	0	0	0	0	0	0	0	0	0	0	0	0	0
GO:2000328	0	0	0	0	0	0	0	0	0	0	0	0	0	0	10	0	0	0	0	0	405	0	0	0	0	0	0
GO:0060696	0	0	0	0	0	0	0	0	0	0	0	0	0	0	704	0	0	0	0	0	0	0	0	8	0	0	0
GO:0046879	0	0	0	0	0	0	0	0	0	0	0	0	0	0	0	0	0	0	0	0	0	0	0	1107	0	0	0
GO:0046878	0	0	184	0	0	0	0	0	0	0	2	112	0	0	0	0	0	6	0	0	0	0	0	0	0	0	0
GO:0046871	0	0	0	0	0	0	0	0	0	0	170	0	0	0	0	0	0	524	0	0	0	0	0	0	0	0	0
GO:0046870	0	0	0	0	0	0	0	0	0	0	0	0	0	251	0	0	0	0	0	0	0	0	0	0	0	0	0
GO:0046872	344	0	0	0	0	0	0	0	0	0	0	0	0	0	0	0	0	0	563	0	0	0	0	0	0	0	0
GO:0046874	0	0	0	0	0	0	0	0	0	0	0	0	0	0	0	0	0	3	0	0	0	0	0	0	680	352	0
GO:1901818	0	0	0	0	0	255	50	0	0	0	0	0	0	4	0	0	0	0	0	0	0	0	0	0	0	0	0
GO:0055075	0	0	0	0	0	0	0	140	0	0	0	0	0	0	0	0	0	0	0	0	0	0	0	0	0	0	0
GO:1901135	6	0	0	0	0	1	0	0	0	0	0	0	0	0	0	104	0	0	11	0	0	0	95	0	0	0	0
GO:1901134	0	164	0	0	0	294	44	0	0	0	0	0	0	0	0	0	0	0	0	0	0	3	0	0	9	6	0
GO:0018867	0	0	0	0	0	0	0	136	0	0	0	0	0	0	0	0	0	0	0	0	0	438	0	0	0	0	0
GO:1901133	0	1	0	0	0	0	0	0	0	0	0	0	0	0	0	115	0	0	0	0	0	0	0	0	0	0	0
GO:1901132	0	168	0	1	0	0	0	0	1	0	0	0	0	0	0	0	0	0	0	0	0	0	0	0	0	0	0
GO:1901131	0	0	0	203	0	0	0	0	113	0	0	0	121	0	0	0	0	0	0	0	0	840	0	0	0	0	7
GO:0018868	0	0	0	0	0	0	0	0	0	1	0	0	0	0	0	0	0	0	0	39	0	0	0	0	0	0	1013
GO:1901130	0	0	0	1	2	0	0	0	1	190	0	0	1	0	0	0	0	0	0	0	0	0	0	0	0	0	0
GO:1990486	0	0	0	0	184	0	0	0	0	0	0	0	0	0	0	0	3	0	0	0	0	0	0	0	0	0	0
GO:0009300	0	0	0	249	0	0	0	0	119	1	0	0	140	0	0	0	241	0	0	0	0	0	0	0	0	0	0
GO:0034578	0	0	0	0	0	0	0	0	0	231	0	0	0	0	0	0	0	0	0	0	0	0	0	0	0	0	0
GO:0033709	0	0	0	0	297	0	0	0	0	0	0	0	0	0	0	0	0	0	0	0	0	0	0	0	0	0	0
GO:0072476	0	0	0	0	0	0	0	0	0	0	0	0	0	0	485	0	2	3	0	0	0	0	0	229	0	0	0
GO:0072477	0	0	45	0	0	0	0	0	0	0	68	0	0	0	0	0	0	367	0	0	0	0	0	0	0	0	0
GO:0072475	0	0	0	0	0	0	0	0	0	0	0	19	0	0	0	0	0	0	0	0	85	0	0	1	0	0	0
GO:0006355	60	0	0	0	0	0	0	0	0	0	0	0	0	0	907	0	0	0	0	0	0	0	0	234	0	0	0
GO:0006356	0	0	35	0	0	0	0	0	0	0	69	0	0	0	0	0	0	692	114	0	0	0	0	0	2	0	0
GO:0006357	0	0	0	0	0	2	0	0	0	0	0	19	0	0	0	0	0	0	0	0	0	0	1	0	137	1	0
GO:0003182	0	0	0	0	0	0	0	0	0	0	0	0	0	54	0	1	0	0	0	0	0	0	0	0	0	82	0
GO:0003180	0	0	0	0	0	0	0	0	0	0	0	0	0	0	0	0	0	0	117	0	0	0	0	0	0	0	0
GO:0003181	0	0	0	0	0	0	0	0	0	0	0	0	0	0	0	0	0	0	0	0	0	3	0	0	142	0	0
GO:1903502	0	0	0	2	0	0	0	0	0	0	0	0	0	0	0	0	0	0	0	0	0	0	0	2	0	0	197
GO:1903506	0	0	0	0	0	0	0	0	0	0	0	0	0	0	0	0	0	0	0	0	0	0	0	0	0	0	205
GO:0030682	0	0	0	0	0	144	0	0	0	0	1	0	0	0	1	0	0	0	0	0	0	0	0	0	4	0	0
GO:0048741	0	0	0	0	0	0	0	72	1	0	0	0	5	0	0	54	12	0	0	0	0	87	0	0	0	0	0
GO:0046534	0	74	0	119	5	0	0	0	0	0	0	0	0	0	0	0	0	0	0	0	0	1	0	0	0	0	0
GO:0048742	0	0	0	0	0	0	0	0	53	0	0	0	70	0	0	0	0	0	0	0	0	0	0	0	0	0	0
GO:0046536	0	0	0	0	0	0	0	0	0	99	0	0	0	0	0	0	0	0	0	42	0	0	0	0	0	0	0
GO:0016823	0	0	0	0	0	0	0	0	0	0	0	0	0	0	103	0	0	0	8	0	0	0	0	98	0	0	0
GO:0014719	0	0	0	0	0	0	0	0	0	0	0	0	0	0	0	0	0	0	0	0	0	0	0	0	64	39	0
GO:0032469	0	0	0	0	0	16	0	0	0	0	0	0	0	0	0	0	0	0	0	0	0	0	0	0	0	0	85
GO:0050843	0	0	0	0	0	177	0	0	0	0	0	0	0	0	0	0	0	0	0	0	0	0	0	0	0	0	0
GO:0050841	0	0	0	0	0	0	0	0	0	0	0	0	0	0	0	0	0	0	0	0	0	135	0	0	0	0	0
GO:0050840	0	0	0	0	0	0	0	84	0	0	0	0	0	0	0	0	0	0	0	0	0	0	28	0	0	0	0
GO:0050848	0	0	0	140	0	0	0	0	0	0	0	0	0	0	0	0	0	0	0	0	0	0	0	0	0	0	0
GO:0044559	0	0	0	0	0	0	0	0	56	0	0	0	88	0	0	0	0	0	0	0	0	0	0	0	0	0	0
GO:0044551	0	0	0	0	0	0	0	0	0	129	0	0	0	0	0	0	0	0	0	25	0	0	0	0	0	0	0
GO:1904986	0	0	0	0	0	0	0	0	0	0	0	0	0	0	0	0	0	0	0	0	0	0	0	116	0	0	0
GO:0042404	0	0	0	0	0	0	0	0	0	0	0	0	0	0	162	0	0	0	0	0	0	0	0	0	0	0	0
GO:0030174	0	0	17	0	0	0	0	0	0	0	0	0	0	0	0	0	0	120	0	0	0	0	0	0	0	0	32
GO:0030170	44	0	0	0	0	0	0	0	0	0	0	0	0	0	0	0	0	0	73	0	0	0	0	0	0	0	0
GO:1902024	0	0	0	0	0	0	0	0	0	0	0	0	0	0	0	0	0	0	0	0	0	0	0	0	0	0	101
GO:0034662	0	0	0	0	0	0	0	0	47	0	0	0	50	0	0	26	0	0	0	0	0	0	0	0	0	0	0
GO:0003106	0	0	0	0	0	145	41	0	0	0	0	0	0	0	0	0	0	0	0	0	0	0	0	0	0	0	0
GO:2000940	0	0	0	0	0	334	0	0	0	0	0	0	0	0	0	0	0	0	0	0	0	0	0	0	0	0	0
GO:2000945	0	0	0	0	0	0	0	38	0	0	0	0	0	0	2	0	0	0	0	0	0	349	0	0	0	0	0
GO:2000944	0	0	0	0	0	0	0	47	0	0	0	0	0	0	0	63	0	0	0	0	0	0	18	0	0	0	0
GO:0003100	0	56	0	119	0	0	0	0	0	0	0	0	0	0	0	136	0	0	0	0	0	0	39	0	0	0	0
GO:0003101	0	125	0	283	0	0	0	0	0	0	0	0	0	0	0	0	0	2	0	0	0	1	0	0	0	0	0
GO:0052051	0	0	0	0	0	0	0	0	0	0	0	0	180	0	0	0	0	0	0	0	0	0	0	0	0	0	0
GO:0034311	0	0	0	0	32	0	0	0	30	105	0	0	0	0	0	0	0	0	0	0	0	0	0	0	0	0	0
GO:0034310	0	0	0	0	122	0	0	0	80	273	0	0	0	0	0	0	0	0	0	4	0	0	0	0	0	0	2
GO:0005628	0	0	42	0	0	0	0	0	0	0	0	0	0	0	384	0	0	0	0	0	0	0	0	0	0	0	0
GO:0072516	0	0	0	0	0	0	0	0	0	0	0	0	0	0	0	0	0	56	0	0	0	0	0	78	0	0	0
GO:0005621	0	0	0	0	0	0	0	5	0	0	0	0	0	13	0	0	0	293	0	0	0	0	0	160	0	0	0
GO:0005623	17	0	0	0	0	0	0	0	0	0	35	1	0	49	1	4	0	0	0	0	24	0	0	0	0	0	0
GO:0005622	26	8	0	8	0	0	0	0	0	0	95	6	0	0	0	0	0	0	0	0	31	2	0	0	0	0	0
GO:1903234	0	0	0	0	0	0	0	0	8	7	0	0	0	0	0	0	0	0	44	0	0	0	0	0	103	27	0
GO:0072512	0	70	3	83	2	0	0	0	0	0	0	0	10	0	0	0	0	0	0	0	0	0	0	0	0	0	0
GO:0004576	1	0	0	0	32	0	0	0	44	74	2	0	0	0	0	0	0	0	0	4	2	0	0	0	0	0	0
GO:0004579	0	0	0	0	0	0	0	0	0	0	0	0	0	0	0	0	130	0	0	0	0	0	0	0	0	7	0
GO:0048108	0	0	0	0	0	0	0	0	0	0	0	0	0	0	0	0	0	0	0	0	0	0	2	0	0	0	151
GO:0003922	5	0	0	0	0	0	0	0	3	0	4	2	0	0	0	0	0	50	0	0	7	1	0	93	0	0	0
GO:0003924	33	0	0	0	2	0	0	0	0	0	25	12	0	0	0	0	0	0	0	0	40	0	0	0	0	0	0
GO:1905327	0	0	0	0	0	0	0	0	0	0	0	0	0	0	0	0	0	0	51	0	0	0	0	0	59	0	0
GO:1904306	0	0	0	0	0	0	0	0	0	0	0	0	0	0	0	0	0	0	0	0	20	0	0	0	0	0	85
GO:0090737	0	0	0	43	0	0	0	0	0	38	0	0	27	0	0	0	0	0	0	0	0	0	0	0	0	0	0
GO:1900146	0	0	0	0	0	0	0	0	0	0	0	0	0	0	58	0	0	0	0	0	0	0	0	57	0	0	0
GO:0061847	0	0	0	95	19	0	0	0	23	51	0	0	0	0	0	0	0	0	0	8	0	0	0	0	0	0	0
GO:0061845	0	0	0	0	10	0	0	0	59	80	0	0	0	0	0	0	0	0	0	21	0	0	0	0	0	0	0
GO:0051080	0	0	5	0	0	0	0	0	0	0	0	0	0	0	48	0	0	0	0	0	0	0	0	53	0	0	0
GO:0051082	13	0	15	0	0	0	0	0	0	0	15	0	0	0	40	0	0	0	0	0	0	0	0	79	0	0	0
GO:1904674	0	0	0	0	0	139	24	0	0	0	0	0	0	0	0	0	0	0	0	0	0	0	0	0	0	0	0
GO:0015659	0	0	0	0	0	0	0	0	0	0	0	0	0	0	0	0	0	1	0	0	0	110	0	0	0	0	0
GO:0015658	0	0	0	0	64	0	0	0	0	92	0	0	0	0	0	0	0	1	0	0	0	0	0	0	0	0	0
GO:0043536	0	0	0	105	2	0	0	0	0	0	0	0	0	0	0	0	0	0	0	0	0	0	0	0	0	0	0
GO:0046315	0	0	9	0	0	0	0	0	0	0	0	0	0	0	126	0	0	0	0	0	0	0	2	0	0	0	0
GO:0046317	0	0	0	0	0	0	0	0	0	0	0	0	0	0	0	0	1	90	61	0	0	0	0	0	0	0	0
GO:0045976	0	0	0	0	0	414	0	0	0	0	0	0	0	0	0	8	0	0	0	0	0	236	1	0	0	0	0
GO:0045970	0	3	0	0	0	0	0	0	0	0	0	0	0	0	0	169	0	0	0	0	0	0	41	0	0	0	0
GO:0045973	0	160	0	0	0	0	0	143	0	0	0	0	0	0	3	0	0	2	0	0	0	0	0	0	0	0	0
GO:0008727	0	0	0	14	0	0	0	0	109	3	0	0	219	0	0	0	0	0	0	0	0	0	0	0	0	0	0
GO:1902001	0	0	0	3	122	0	0	0	1	302	0	0	0	0	0	0	0	1	0	0	0	0	0	0	0	0	0
GO:0043936	0	0	0	333	0	0	0	0	0	0	0	0	0	0	1	0	0	0	0	0	0	2	0	0	0	0	0
GO:0008277	0	0	0	0	0	0	0	3	0	0	4	0	0	0	4	0	0	195	0	0	0	0	0	0	9	0	0
GO:0008271	0	0	0	0	0	0	0	0	0	0	112	3	0	0	286	0	0	0	0	0	0	0	0	3	140	0	0
GO:0008270	51	0	0	0	1	0	0	0	2	4	0	0	0	0	0	0	0	0	0	0	90	0	0	227	1	0	0
GO:0102125	0	0	0	0	0	0	0	0	0	0	0	0	0	0	0	0	0	2	114	0	0	0	0	0	0	0	0
GO:0075294	0	0	0	0	0	0	0	0	0	0	0	0	0	0	0	0	152	0	0	0	0	0	0	0	0	0	0
GO:0071984	0	0	0	0	0	201	0	2	0	0	0	0	0	0	0	0	0	0	0	0	0	151	0	0	0	0	0
GO:0097730	0	202	0	1	1	0	0	0	0	1	0	0	3	0	0	83	0	0	0	0	0	0	36	0	0	0	0
GO:0071675	0	0	0	0	0	4	0	204	0	0	0	0	0	0	0	0	0	0	0	0	0	5	0	0	0	0	0
GO:0034468	0	0	0	181	80	0	0	0	134	165	0	0	0	0	0	0	0	0	0	0	0	0	0	0	0	0	3
GO:0071671	0	9	0	0	0	0	0	0	0	0	0	0	109	0	0	0	0	0	0	0	0	0	1	0	0	0	187
GO:0003724	0	0	0	0	0	0	0	0	0	0	3	0	0	0	8	0	0	126	0	0	1	0	0	1	10	0	0
GO:0006530	0	0	0	0	0	0	0	0	0	0	46	2	0	1	179	0	0	0	0	0	7	0	0	0	163	0	0
GO:0003723	102	5	1	0	0	0	0	0	0	0	0	0	0	0	0	2	0	0	0	0	0	0	0	16	0	0	0
GO:0006532	0	0	0	0	0	0	0	0	0	0	0	43	0	0	0	0	0	0	0	0	132	0	0	0	0	0	0
GO:0006533	0	0	0	0	0	0	0	3	0	0	0	0	0	0	0	0	0	5	0	0	0	0	0	260	0	0	4
GO:0000266	0	0	0	0	0	0	0	0	0	0	0	0	0	0	0	0	0	0	176	0	0	1	0	0	0	6	0
GO:0007284	0	0	0	0	0	0	0	0	0	0	0	0	0	0	0	0	0	0	3	0	0	0	0	0	0	0	237
GO:0042488	0	0	0	0	0	308	0	0	0	0	0	0	0	0	0	0	0	0	0	0	4	0	0	0	0	0	0
GO:0070808	0	0	0	0	0	0	0	0	0	0	0	0	0	0	0	0	0	0	0	0	0	566	0	0	0	0	0
GO:0017110	0	104	0	0	0	0	0	108	0	0	0	0	0	0	0	124	0	0	0	0	0	0	0	0	0	0	0
GO:0061131	0	0	0	0	0	0	0	0	0	233	0	0	0	0	0	0	0	0	0	0	0	0	0	0	0	0	0
GO:0097705	0	0	0	0	0	0	0	0	0	0	0	0	166	0	0	0	0	3	5	0	0	0	0	0	0	0	0
GO:0097707	0	0	0	250	184	0	0	0	0	0	0	0	0	1	0	0	0	0	0	0	0	0	0	0	0	0	0
GO:1990259	0	0	0	0	0	0	215	0	0	0	0	0	0	0	1	0	0	0	0	0	0	0	0	0	0	0	0
GO:0061524	0	0	0	0	0	1739	26	0	0	0	0	0	0	0	0	0	0	0	0	0	0	0	0	0	0	0	0
GO:0061525	0	0	0	0	0	193	0	0	0	0	0	0	0	0	0	0	0	0	0	0	0	0	0	0	0	0	0
GO:0061527	0	0	0	0	0	0	0	0	0	0	0	0	0	0	0	0	0	0	0	0	0	1126	0	0	0	0	0
GO:0061520	0	0	0	0	0	0	0	0	0	0	0	0	0	0	0	0	0	0	0	0	0	105	256	0	0	0	0
GO:0061521	0	0	0	0	0	0	0	1059	0	0	0	0	0	0	0	0	0	0	0	0	0	0	30	0	0	0	0
GO:0061522	0	0	0	0	0	0	0	122	0	0	0	0	0	0	0	0	0	0	0	0	0	0	0	0	0	0	0
GO:0061523	0	0	0	0	0	0	0	0	739	0	0	0	0	0	0	0	0	0	0	0	0	0	0	0	0	0	0
GO:0061528	0	1097	0	0	0	0	0	0	100	0	0	0	0	0	0	652	0	0	0	0	0	0	0	0	0	0	0
GO:0061529	0	153	0	0	0	0	0	0	0	0	0	0	900	0	0	80	0	0	0	0	0	0	0	0	0	0	0
GO:0008787	0	0	0	0	0	0	0	0	0	0	0	0	105	0	0	0	0	0	0	0	0	0	0	0	0	0	0
GO:0052199	0	0	0	1451	0	0	0	0	0	1317	0	0	0	0	0	0	0	0	0	0	0	0	0	0	0	0	0
GO:0052198	0	0	0	165	0	0	0	0	0	150	0	0	0	0	0	0	0	9	0	0	0	0	0	0	0	0	0
GO:0052196	0	0	0	0	599	0	0	0	0	0	0	0	0	0	0	0	0	0	0	0	0	0	0	0	0	0	0
GO:0006075	0	0	0	0	0	0	0	0	0	0	0	0	0	0	15	0	0	0	0	352	0	0	0	0	0	0	0
GO:0099585	0	0	0	0	0	0	0	0	0	0	0	0	0	0	0	0	0	991	0	0	0	2	0	0	0	0	0
GO:0001410	0	0	0	0	0	0	0	0	3	0	0	0	0	351	0	0	0	98	0	0	0	0	2	0	0	0	0
GO:0001411	0	0	201	0	9	0	0	0	0	0	0	0	0	46	0	0	0	0	0	0	0	1	0	0	0	0	0
GO:0099581	0	0	25	0	0	0	0	0	0	0	0	0	0	0	0	0	0	0	0	0	0	0	0	0	913	0	0
GO:0099580	0	3	0	0	0	0	0	0	0	0	0	0	7	0	0	4	0	0	0	0	0	0	0	1507	127	0	0
GO:0099583	0	0	0	11	0	0	0	0	0	0	0	144	0	0	0	0	0	0	0	0	688	0	0	197	0	0	0
GO:0099582	0	0	0	0	0	0	0	0	0	11	0	25	0	0	1351	0	0	0	0	0	81	0	0	0	0	0	0
GO:0005528	0	0	0	0	0	0	0	0	0	0	0	0	0	0	128	0	0	0	0	0	0	0	0	0	0	0	0
GO:0005524	514	0	0	0	0	0	0	0	0	0	430	0	0	0	0	0	0	0	0	0	0	0	0	0	0	0	0
GO:0005525	66	0	0	0	0	0	0	0	0	0	53	0	0	0	0	0	0	0	0	0	0	0	0	0	0	0	0
GO:0102944	0	0	0	0	0	0	0	0	0	0	0	0	0	0	0	0	0	0	905	0	0	0	0	0	0	0	0
GO:0102945	0	0	0	0	0	0	0	0	0	0	0	0	0	0	0	0	0	0	107	0	0	0	0	0	0	0	0
GO:0086010	0	0	0	0	0	0	0	0	0	0	0	0	0	0	0	0	0	0	0	0	0	0	0	0	0	531	0
GO:0033905	0	0	0	0	0	0	0	0	0	0	0	0	0	0	0	0	561	0	0	0	0	0	0	0	0	0	2
GO:0098847	0	0	0	0	0	0	0	0	0	0	0	0	0	0	0	0	0	0	0	0	0	0	0	0	0	0	1325
GO:0098846	0	0	0	0	1	0	0	0	0	0	0	0	0	0	0	0	0	0	0	0	0	0	0	0	0	0	178
GO:1900833	0	6	0	79	0	0	0	0	7	0	0	0	5	0	0	7	0	0	0	0	0	0	0	0	0	0	0
GO:0035681	0	9	0	7	68	0	0	0	0	7	0	0	0	1	0	4	0	0	0	0	0	0	0	6	0	0	0
GO:1904736	0	0	0	0	0	136	0	0	0	0	0	0	0	0	0	0	0	0	0	0	0	0	9	0	0	0	0
GO:0051675	0	0	0	114	0	0	0	0	0	0	0	0	0	0	0	0	0	0	0	0	0	0	0	0	0	0	0
GO:0051671	0	54	0	0	0	0	0	0	0	0	0	0	0	0	0	58	0	0	0	0	0	0	0	0	0	0	0
GO:0051670	0	0	0	0	0	0	0	0	0	101	0	0	0	0	0	0	0	0	0	0	0	0	0	0	0	0	0
GO:0009612	0	0	0	0	0	0	0	0	0	0	0	0	0	0	0	0	0	0	0	0	0	0	0	76	48	0	0
GO:2000308	0	0	0	0	0	0	0	0	0	0	0	0	0	0	0	0	0	0	0	0	0	102	1	0	0	0	0
GO:1903299	0	0	0	0	0	0	0	0	0	0	0	0	0	0	104	0	0	0	0	0	0	0	0	0	2	0	0
GO:0018244	0	0	0	0	0	0	0	0	0	0	0	0	0	0	0	0	0	0	0	0	0	3053	0	0	0	0	0
GO:0018247	0	0	0	0	0	0	0	0	0	0	0	0	0	0	0	0	0	0	0	0	0	121	0	0	0	0	0
GO:0018246	0	0	0	0	0	0	777	0	0	0	0	0	0	0	0	0	0	0	0	0	0	0	0	0	0	0	0
GO:0018248	0	0	0	0	0	4500	0	0	0	0	1	0	0	0	0	0	0	0	0	0	0	5	0	0	0	0	0
GO:2001120	0	0	0	0	0	55	0	0	1156	0	0	0	0	0	0	0	0	0	0	0	0	0	0	0	0	0	0
GO:0019597	0	0	0	3501	0	1	0	0	0	0	0	0	2351	0	0	0	0	0	0	0	0	0	563	0	0	0	0
GO:0019594	0	0	0	48	0	2	0	0	1	0	1	0	29	0	0	0	0	0	0	0	0	0	20	0	0	0	0
GO:0019593	0	0	0	1	0	0	0	1882	0	0	0	0	0	0	0	0	0	0	0	0	0	0	1	0	0	0	0
GO:0007279	0	0	0	0	0	3	0	1	0	3277	0	0	0	0	0	0	0	0	0	0	0	0	0	0	0	0	0
GO:0060972	0	0	0	0	0	0	0	0	0	42	0	0	0	0	0	1759	0	0	0	0	0	0	0	0	0	0	0
GO:0060973	0	1645	0	0	0	0	0	0	0	0	0	0	0	0	0	23	0	0	0	0	0	0	0	0	0	0	0
GO:0060975	0	0	0	3	1410	0	0	0	0	1	0	0	1	0	0	0	0	0	0	0	0	0	1	0	0	0	0
GO:0007272	0	0	0	0	0	0	0	0	0	0	0	0	0	0	0	0	0	0	0	633	0	0	0	0	0	0	0
GO:1901257	0	0	0	0	0	0	0	0	0	0	0	0	0	0	0	0	0	2535	0	0	0	0	0	0	0	0	0
GO:1901254	0	0	0	0	0	0	0	0	0	0	0	0	0	598	0	0	0	106	0	0	0	0	0	0	0	0	0
GO:1901255	0	0	0	0	0	0	0	0	0	0	0	0	0	8	0	0	0	0	0	0	0	0	0	0	1403	0	0
GO:1901259	0	0	401	0	0	0	0	0	0	0	0	0	0	0	0	0	0	5	0	0	0	0	0	0	0	0	0
GO:0021869	0	0	6	0	0	0	0	0	0	0	0	257	0	0	0	0	0	0	0	0	1242	0	0	2383	0	0	0
GO:0061158	0	0	0	0	0	0	0	0	0	0	0	0	0	0	3523	0	0	0	0	0	0	0	0	0	0	0	0
GO:0021865	0	0	0	0	0	0	0	0	0	0	0	0	0	0	129	0	0	0	0	0	0	0	0	0	0	0	0
GO:0052712	0	0	0	0	0	1	0	0	0	0	1192	0	0	0	0	0	0	0	0	0	0	0	0	0	0	0	0
GO:0016021	943	0	0	0	0	0	0	0	0	0	17	0	0	0	0	0	0	0	0	0	0	0	0	0	0	0	0
GO:0016027	0	0	0	0	0	0	0	0	0	0	0	0	0	0	0	0	0	0	1616	0	0	0	0	0	0	0	0
GO:0019622	0	0	0	0	0	0	0	0	0	0	0	0	0	0	0	0	0	0	0	0	0	0	0	0	0	881	0
GO:0051963	0	0	0	0	0	0	0	0	9	0	0	0	0	0	0	0	1501	0	0	0	0	2	0	10	0	0	0
GO:0072629	0	0	0	0	0	0	0	0	0	0	0	0	0	0	0	0	0	0	0	0	0	0	0	0	0	0	1956
GO:0000006	0	0	0	0	0	0	98	0	0	0	0	0	0	0	0	0	0	0	0	0	0	217	0	0	0	0	0
GO:0000007	0	0	0	0	0	0	0	0	111	0	0	0	0	0	0	0	0	0	0	0	0	1	0	0	0	0	0
GO:0000002	0	0	0	0	0	493	0	0	0	0	0	0	0	0	0	0	0	0	0	0	0	0	54	0	0	0	0
GO:0000001	0	0	0	0	0	0	1	0	0	0	0	0	243	0	0	0	0	0	0	0	0	17	0	0	0	0	0
GO:0002599	0	0	0	0	0	11	0	219	9	0	0	0	0	0	0	0	0	0	0	0	0	0	3	0	0	0	0
GO:0000009	0	0	0	378	0	18	8	0	0	0	0	0	0	0	0	0	0	0	0	0	0	19	1	0	0	0	0
GO:0018036	0	0	0	0	1	0	0	0	0	0	0	0	0	0	0	188	0	0	5	0	0	0	0	0	0	0	26
GO:0018037	0	148	0	0	0	0	0	0	0	351	0	0	0	0	0	0	0	0	0	0	0	0	0	0	0	0	0
GO:0018033	0	11	0	0	98	0	0	0	0	10	0	0	0	0	0	8	0	0	0	0	0	0	0	0	0	0	0
GO:0018030	0	14	0	0	1	0	0	0	0	14	0	0	0	0	0	0	0	2	0	98	0	0	0	0	0	0	0
GO:0097121	0	0	0	0	4	0	0	0	0	0	0	0	0	0	0	0	0	194	0	1	0	0	0	0	0	0	1
GO:0039595	0	0	0	0	0	0	0	0	0	0	0	0	0	65	0	0	0	0	0	0	0	0	0	0	129	0	0
GO:0039597	0	0	0	0	0	0	0	0	0	0	0	0	0	0	2	0	0	7	0	0	151	0	0	220	1	0	0
GO:0051343	0	0	0	0	0	0	0	0	0	0	0	1	0	0	285	0	0	0	0	0	2	0	0	15	0	0	0
GO:0015254	0	0	0	0	0	0	0	0	0	0	138	0	0	0	0	0	0	0	0	0	0	0	0	0	0	0	0
GO:0016787	126	0	0	0	0	0	0	0	0	0	0	0	0	0	0	0	0	0	0	0	0	0	0	0	0	0	0
GO:0016785	1	0	0	0	0	0	0	0	0	0	0	0	0	0	0	0	0	0	187	0	0	0	0	0	0	0	0
GO:0016257	0	0	0	0	0	0	0	0	0	0	0	0	0	0	0	0	165	0	0	0	0	18	0	0	0	0	0
GO:0071259	0	0	0	0	0	0	0	0	0	0	0	0	0	0	0	0	0	0	0	0	0	0	0	0	0	0	174
GO:1990689	0	0	0	0	0	0	0	0	0	0	0	0	0	0	0	0	110	0	0	0	0	0	0	0	0	0	0
GO:0045137	0	0	0	0	0	0	0	0	0	0	0	0	0	0	96	0	0	0	0	0	1	0	0	65	0	0	0
GO:2000276	0	0	0	0	0	0	0	0	0	0	0	0	0	0	0	0	0	0	0	0	0	139	0	0	0	0	0
GO:2000279	0	0	0	0	0	411	0	0	0	0	0	0	0	0	0	0	0	0	0	0	0	0	0	0	0	0	0
GO:0033615	0	0	0	0	0	0	0	0	151	0	0	0	0	0	0	0	0	0	0	0	0	0	0	0	0	0	0
GO:0033616	0	0	0	356	0	0	0	0	0	0	0	0	223	0	0	0	0	0	0	0	0	0	0	0	0	0	0
GO:0033613	0	0	0	0	0	0	0	298	0	0	0	0	0	0	0	0	0	0	0	0	0	0	0	0	0	0	0
GO:0097377	0	0	0	0	0	0	0	0	0	311	0	0	0	0	0	0	0	0	0	0	0	0	0	0	0	0	0
GO:0075073	0	209	0	0	0	0	0	0	0	0	0	0	0	0	0	169	0	0	0	0	0	0	0	0	0	0	0
GO:1901903	0	0	0	0	0	0	0	0	4	0	0	49	0	91	0	0	0	0	0	0	0	0	0	0	0	0	0
GO:1901901	0	0	0	0	0	0	0	0	0	0	0	0	0	0	183	0	0	114	0	0	200	0	1	290	0	0	3
GO:0051444	0	0	0	9	0	0	0	0	0	0	0	0	0	0	0	0	0	0	0	0	0	0	0	0	197	0	0
GO:0005912	0	0	0	0	0	1	0	0	1	0	0	0	0	0	0	0	0	0	246	0	0	1	0	0	0	0	0
GO:0005840	148	0	0	2	0	0	0	0	0	0	0	0	1	0	0	0	0	0	0	0	0	0	0	0	0	0	0
GO:0035519	0	0	0	0	0	0	0	0	0	2	0	0	1	0	0	0	0	0	0	0	0	0	0	0	0	133	0
GO:0004796	0	0	0	0	1	0	0	0	0	4	1	0	0	0	28	0	132	0	9	0	0	0	0	0	0	0	0
GO:0016703	0	0	0	74	0	0	0	0	0	0	0	0	53	0	0	0	0	0	0	0	0	1	0	0	0	0	0
GO:1900714	0	0	7	0	0	52	0	0	0	0	0	0	0	0	0	0	0	0	0	0	0	0	0	0	44	0	0
GO:0061219	0	0	0	45	0	303	0	0	0	0	0	0	0	0	0	0	0	4	0	0	6	0	6	12	0	0	0
GO:0061212	0	0	0	253	0	0	0	0	0	0	0	0	0	0	0	0	0	0	0	0	0	0	16	0	0	0	0
GO:0061213	0	0	0	0	0	0	0	0	0	0	0	0	178	0	0	0	0	0	0	0	0	0	0	0	0	0	0
GO:0001525	0	0	0	0	0	0	0	153	0	0	2	0	0	0	0	0	0	0	0	0	0	0	0	0	0	0	0
GO:0015946	0	0	0	0	1	4	0	0	0	232	0	0	0	0	0	0	0	0	0	0	0	0	0	0	0	0	0
GO:0015948	17	95	0	0	0	0	0	0	0	0	0	0	0	0	0	104	0	0	0	0	0	0	0	0	0	4	0
GO:0097056	5	0	0	0	0	0	0	1	0	0	0	0	0	0	0	0	0	0	0	0	0	0	0	0	0	0	241
GO:0009211	0	0	0	0	0	0	0	0	0	0	0	0	0	42	0	0	0	70	0	0	114	0	0	125	0	0	0
GO:0009212	0	0	0	0	0	0	0	0	0	3	0	0	0	0	95	0	0	0	0	0	0	0	0	0	0	3	0
GO:0033493	0	0	0	0	0	0	0	0	0	0	0	0	0	0	0	0	0	0	131	0	0	0	0	0	0	0	0
GO:0034658	0	0	0	0	0	0	0	0	0	0	0	0	0	0	0	0	100	0	0	0	0	0	0	0	0	2	0
GO:0097310	0	0	0	0	0	0	0	0	0	0	0	0	0	0	0	0	0	0	0	0	0	287	0	0	0	0	0
GO:0097314	0	0	0	0	0	207	0	0	2	0	0	0	0	0	0	0	0	0	0	0	0	0	0	0	0	0	0
GO:0034859	0	0	0	147	0	0	0	0	0	0	0	0	0	1	0	0	0	17	0	0	5	0	36	31	11	0	0
GO:0034856	0	0	0	0	0	0	0	0	0	0	0	0	103	0	22	0	0	0	0	0	0	0	0	0	0	0	0
GO:1905437	0	0	0	0	0	0	0	0	0	143	0	0	0	0	0	0	0	0	0	0	0	0	0	0	0	0	0
GO:1905435	0	81	0	0	0	0	0	0	0	0	0	0	0	0	0	78	0	0	0	0	0	0	0	0	0	0	0
GO:1905433	0	0	0	0	116	0	0	0	0	0	0	0	0	0	0	0	0	0	0	0	0	0	0	0	0	0	0
GO:0042777	1	0	0	0	0	0	0	0	0	0	0	0	0	28	0	0	0	239	0	0	48	0	0	155	0	0	7
GO:0031350	0	0	0	0	0	0	0	0	0	0	0	0	0	0	313	0	0	0	0	0	0	0	0	0	2	0	13
GO:0000944	0	0	0	0	0	0	0	0	0	0	0	0	0	0	0	0	0	0	0	0	0	0	0	0	0	0	107
GO:0034078	0	2	0	0	22	0	0	0	0	0	0	0	0	8	4	0	15	41	0	0	14	0	0	48	0	0	0
GO:0099125	0	0	0	0	28	0	0	0	0	0	0	0	0	0	71	0	0	59	0	0	0	0	0	0	0	0	0
GO:0061005	0	0	0	0	0	0	0	0	0	0	0	0	0	0	0	0	0	0	0	0	0	0	0	0	0	0	118
GO:0016344	0	0	0	0	0	0	0	0	0	0	0	0	0	0	0	0	0	0	0	0	0	106	0	0	0	0	0
GO:1900102	0	0	0	0	43	0	0	0	0	0	0	0	0	0	106	0	0	2	0	0	0	0	0	0	0	0	0
GO:0010233	0	0	0	0	0	0	0	0	0	6	0	0	0	3	78	0	0	70	0	0	4	0	0	0	0	0	0
GO:1902098	0	0	0	0	0	111	0	0	14	0	0	0	0	0	0	0	0	0	0	0	0	0	0	0	0	0	0
GO:0042541	0	0	0	0	0	0	0	0	0	0	0	0	0	0	1	0	0	1	0	0	0	181	0	0	0	0	0
GO:0042540	0	0	0	0	0	151	0	0	0	0	0	0	0	0	2	0	0	2	0	0	0	0	0	3	0	0	0
GO:0034381	0	0	2	111	2	0	0	62	0	28	0	0	82	2	5	0	0	3	0	0	3	0	0	0	0	0	0
GO:0004858	0	0	0	0	0	0	0	0	0	0	0	0	0	0	0	0	0	0	0	0	0	0	0	133	0	0	0
GO:1903533	0	107	0	0	0	0	0	0	0	0	0	4	0	0	0	0	0	0	0	0	0	3	0	0	0	0	0
GO:1903532	0	0	0	0	0	0	0	0	0	0	0	0	0	31	193	0	0	152	0	0	35	0	0	0	0	0	0
GO:0004855	0	0	22	0	59	0	0	0	0	103	0	0	0	0	0	0	0	0	1	0	0	0	0	0	0	0	0
GO:0004854	0	0	0	0	0	0	0	0	0	0	0	0	0	0	0	68	0	0	1	0	0	0	0	0	85	0	0
GO:0046468	0	0	0	0	0	0	0	0	0	0	0	0	0	0	0	0	0	0	0	0	0	0	0	0	0	0	120
GO:0003288	0	0	0	0	0	64	0	0	0	0	0	0	0	0	0	0	0	0	0	1	0	38	0	0	0	0	1
GO:0002887	0	0	2	0	0	0	0	0	0	0	0	0	0	0	50	26	0	29	0	0	0	1	0	0	0	0	0
GO:0033189	0	5	0	0	0	0	0	0	0	4	0	0	0	0	605	0	0	463	0	0	0	0	0	0	0	0	0
GO:0042229	0	0	0	0	0	0	0	0	0	0	0	0	0	0	1	0	0	1	0	0	0	0	0	166	0	0	0
GO:1900920	0	0	0	48	0	0	0	0	0	0	0	0	0	0	0	0	0	0	0	0	0	0	0	0	0	60	0
GO:0051481	0	0	0	0	0	0	0	0	0	0	0	0	0	0	0	0	4	0	0	0	0	116	0	0	0	0	0
GO:0015871	0	0	0	0	0	0	0	0	0	0	0	0	0	0	128	0	0	0	0	0	0	0	0	7	2	0	0
GO:0010801	0	0	0	0	0	0	0	0	0	0	0	0	0	0	0	0	0	0	0	0	1	0	0	65	34	0	0
GO:0008015	0	0	0	0	0	418	56	0	0	0	0	0	0	0	0	0	0	0	0	0	0	910	0	0	0	0	0
GO:0008010	0	0	0	321	0	0	0	0	0	0	0	0	0	0	0	0	0	0	0	0	0	0	0	0	0	0	0
GO:0043863	0	0	0	0	0	0	0	0	470	0	0	0	0	0	0	0	0	0	0	0	0	0	0	0	0	0	0
GO:0014008	0	0	0	0	0	0	0	0	0	0	0	0	0	0	0	0	0	0	0	0	0	0	177	0	0	0	0
GO:0014003	0	0	0	0	0	0	0	216	0	0	0	0	0	0	0	0	0	0	0	0	0	0	0	0	0	0	0
GO:0014001	0	0	0	0	0	0	0	0	0	0	0	0	167	0	0	0	0	0	0	0	0	0	0	0	0	0	0
GO:0005880	0	0	0	0	0	0	0	0	0	309	0	0	0	0	0	0	0	0	0	0	0	0	0	0	0	0	0
GO:0051402	0	0	0	0	454	0	0	0	0	0	0	0	0	0	0	0	0	0	0	0	0	0	0	0	0	0	0
GO:0102700	0	671	0	0	0	0	0	0	0	0	0	0	0	0	0	0	0	0	0	0	0	0	0	0	0	0	0
GO:0102701	0	0	0	0	0	0	0	0	0	0	0	0	0	0	0	112	0	0	0	0	0	0	0	0	0	0	0
GO:0102705	0	0	0	0	0	0	0	0	0	0	0	0	0	0	0	0	0	0	0	0	0	0	0	0	0	0	131
GO:0006290	0	0	0	0	0	0	0	0	0	0	0	0	0	0	0	0	0	0	0	0	2	0	0	0	0	0	793
GO:0005924	0	0	0	5	0	146	36	0	2	0	0	0	0	0	0	0	0	0	0	0	0	0	0	0	0	0	0
GO:0005925	0	0	0	12	0	2	0	0	0	0	0	0	0	0	0	0	0	0	0	0	0	352	0	0	0	0	0
GO:0045179	0	0	0	112	0	0	0	0	3	0	0	0	0	0	0	0	0	0	0	0	0	0	0	0	0	0	0
GO:0035545	0	0	0	0	0	0	0	62	0	10	0	0	0	0	0	0	0	0	0	0	0	0	35	0	0	0	0
GO:1903088	0	0	1	0	0	0	0	0	0	108	0	0	0	0	1	0	1	3	0	0	0	0	0	0	0	0	0
GO:1903085	0	0	0	0	145	0	0	0	0	2	0	0	0	0	6	0	0	0	0	0	0	0	0	0	0	0	0
GO:1903084	0	78	0	0	1	0	0	0	0	0	0	0	0	21	0	0	0	18	0	0	0	0	0	0	2	0	0
GO:1903080	0	0	0	0	0	0	0	0	0	0	0	0	0	0	389	0	0	0	0	0	2	0	0	0	0	0	0
GO:0016068	0	0	0	0	0	0	0	0	0	0	0	0	0	0	0	0	0	293	0	0	2	0	0	9	3	0	0
GO:0006744	0	0	0	0	0	0	0	0	0	0	0	0	0	0	0	0	0	0	0	1	0	0	0	113	0	0	0
GO:0005215	27	0	0	0	0	0	0	0	0	0	51	0	0	0	0	0	0	0	50	0	0	0	0	0	0	0	0
GO:0052648	0	0	0	0	0	0	0	0	0	0	0	0	0	0	0	0	53	0	0	0	0	0	0	67	0	0	0
GO:0042779	3	0	0	0	0	27	12	0	0	0	0	0	0	0	0	0	0	0	0	0	0	4	0	0	0	0	61
GO:1990472	0	0	0	0	0	144	9	0	0	0	0	0	0	0	0	0	0	0	0	0	0	0	0	0	0	0	0
GO:1990473	0	0	0	0	0	5	0	0	0	0	0	0	0	0	0	0	0	0	0	0	0	123	0	0	0	0	0
GO:0098647	0	0	0	125	0	0	0	0	0	0	0	0	0	0	0	0	0	0	0	0	0	0	0	0	0	0	0
GO:0099117	0	0	22	0	0	0	0	0	0	0	0	0	0	1	134	0	0	0	0	0	0	0	0	0	0	0	0
GO:0099114	0	1	1	0	0	0	0	0	0	125	0	0	0	0	13	0	0	0	0	0	0	0	0	0	0	0	0
GO:0099115	0	41	0	0	43	0	0	0	0	4	0	0	0	0	14	0	0	112	0	0	0	0	0	0	0	0	0
GO:0042921	0	0	0	0	0	67	0	0	0	0	0	0	0	0	0	0	0	0	0	0	0	145	0	0	0	0	0
GO:0050338	0	0	0	0	0	0	0	0	0	0	0	0	0	175	0	0	0	0	0	0	0	0	0	0	0	0	0
GO:0046324	0	0	145	0	0	0	0	0	0	0	0	0	0	0	154	0	0	0	0	0	0	0	0	0	0	0	0
GO:0033106	0	0	0	0	0	0	0	0	0	0	0	0	0	0	1007	0	0	0	0	0	0	0	0	0	0	0	0
GO:0050155	0	71	0	0	0	0	0	0	0	51	0	0	0	0	0	26	0	107	0	0	0	0	0	0	0	0	0
GO:0050154	0	0	0	0	70	0	0	0	0	0	0	0	0	0	1	0	0	749	0	0	0	0	0	92	0	0	0
GO:0050157	0	0	0	0	0	0	0	0	0	0	0	0	0	0	0	0	0	0	0	0	14	0	0	824	49	0	0
GO:0050156	0	0	0	0	0	0	0	0	0	0	0	0	0	1	0	0	0	1	0	0	136	0	0	0	540	0	0
GO:0005884	0	0	0	0	0	0	0	0	0	0	0	0	0	0	0	0	0	0	188	1	0	0	0	0	0	0	0
GO:0005886	115	0	0	0	0	0	0	0	0	0	94	0	0	0	0	0	4	0	0	0	0	0	0	0	0	0	0
GO:0007019	0	0	0	0	0	0	0	0	0	0	0	0	0	0	0	0	0	0	0	0	0	0	0	0	0	249	0
GO:1903138	0	0	0	0	0	111	12	0	0	0	0	0	0	0	0	0	0	0	0	0	1	0	0	0	0	0	0
GO:1903131	0	0	0	0	0	73	0	0	0	0	0	0	0	0	0	0	0	0	0	0	0	142	0	0	0	0	0
GO:1903135	0	0	0	21	0	0	0	0	0	0	0	0	0	0	0	0	108	0	0	0	0	0	0	0	0	0	0
GO:1903137	0	0	0	84	0	0	0	0	9	14	0	0	0	0	0	0	0	0	0	0	0	0	10	0	0	0	0
GO:0010264	1	0	14	0	0	0	0	0	0	0	0	0	0	0	0	0	0	124	0	2	1	0	0	0	5	0	0
GO:0010269	0	0	4	0	0	0	0	0	0	0	0	0	0	0	150	0	0	27	0	0	0	0	0	103	0	0	0
GO:0010268	0	0	0	0	0	0	0	0	0	0	0	0	0	0	36	0	0	0	0	0	17	0	0	24	73	0	0
GO:0090683	0	83	0	0	5	0	0	0	0	0	0	0	0	0	0	45	0	0	0	0	0	0	0	0	0	0	0
GO:0090682	0	18	0	0	0	0	0	0	0	79	0	0	0	0	0	39	0	0	0	0	0	0	0	0	0	0	0
GO:0031789	0	0	0	0	0	0	0	0	0	0	0	0	14	3	40	0	0	0	0	0	0	0	1	54	34	0	0
GO:0031788	0	0	0	8	0	0	0	0	0	0	0	1	4	1	20	0	0	0	0	0	16	0	1	37	22	1	0
GO:0031780	0	41	0	0	0	0	0	0	0	42	0	0	0	0	0	18	0	2	0	0	5	0	0	0	0	0	0
GO:0039548	0	0	1	0	0	0	0	0	0	0	0	0	4	0	0	0	0	0	0	0	0	0	0	0	0	0	95
GO:1900431	0	0	0	16	0	0	0	50	0	0	0	0	33	0	0	0	0	0	0	0	0	0	7	0	0	0	0
GO:0030197	0	30	0	0	9	0	0	0	0	59	0	3	0	0	0	0	0	0	0	0	1	0	0	0	38	0	0
GO:1904397	0	44	0	0	10	0	0	0	0	5	0	0	0	0	27	26	0	0	0	0	0	0	0	39	3	0	0
GO:0030196	0	3	0	0	1	0	0	0	0	15	0	0	0	0	27	34	0	0	0	0	0	0	0	57	17	0	0
GO:0043963	0	0	0	15	0	0	0	10	0	0	0	0	0	0	63	0	4	0	0	0	0	2	0	26	0	0	0
GO:0008701	0	8	0	0	2	134	19	0	0	0	0	0	0	0	2	0	0	0	0	0	0	0	0	1	0	0	0
GO:0043910	0	0	0	0	0	0	0	0	31	2	0	0	0	15	0	6	0	59	0	0	0	0	0	1	0	0	2
GO:0008705	0	0	0	110	0	0	0	0	0	0	0	0	0	0	0	1	0	0	0	0	0	0	0	0	0	0	0
GO:0008704	0	0	0	0	2	0	0	41	0	0	1	1	69	0	0	0	0	0	0	0	0	0	15	0	43	0	0
GO:0050229	0	0	0	0	0	104	16	0	0	1	0	0	0	0	3	0	0	16	0	0	0	0	0	0	0	0	0
GO:0009131	0	0	0	0	0	0	0	0	0	0	0	0	61	26	0	0	0	0	0	0	0	23	0	0	0	0	0
GO:0009130	0	0	12	0	0	0	0	72	12	0	0	0	0	0	0	0	0	0	0	0	0	0	5	0	0	0	0
GO:0050221	0	0	0	88	0	43	5	0	0	0	0	0	0	0	0	0	0	0	0	0	0	0	0	0	51	0	0
GO:2001298	0	0	0	0	0	0	0	0	0	78	0	0	0	0	23	0	0	0	0	0	0	0	0	0	0	0	1
GO:0043406	0	0	0	0	0	0	0	0	163	0	0	0	0	0	0	0	5	0	0	0	0	319	0	0	0	0	0
GO:0043403	0	0	0	0	0	0	0	0	0	0	0	0	283	0	0	0	0	0	0	0	0	0	0	0	0	0	0
GO:0043402	0	0	0	0	0	0	0	0	0	0	0	0	0	0	0	0	0	280	0	0	0	0	0	0	0	0	0
GO:0043401	0	0	63	0	0	546	107	0	0	0	0	0	0	86	0	0	0	0	0	0	0	0	0	0	0	0	0
GO:0043400	0	0	0	416	0	0	0	0	0	0	0	0	0	0	0	0	0	0	0	0	0	0	0	0	0	0	0
GO:0016496	0	0	0	0	0	0	0	0	0	384	0	0	0	0	0	0	0	0	0	0	0	0	0	0	0	0	0
GO:0016497	0	0	0	0	112	0	0	212	0	0	0	0	0	0	0	0	0	0	0	0	0	0	38	0	200	0	0
GO:0016495	0	0	0	0	0	0	0	0	0	0	0	0	0	0	0	0	0	0	0	0	0	0	0	363	0	0	0
GO:0016493	0	235	0	0	0	0	0	0	0	0	0	0	0	0	0	0	0	0	0	0	0	0	0	0	0	0	0
GO:0016490	0	0	0	0	0	0	0	0	0	0	0	0	0	0	379	0	0	0	0	0	126	0	0	0	0	0	0
GO:0016491	98	0	0	0	0	0	0	0	0	0	0	0	0	0	0	223	0	0	0	0	0	0	0	0	0	0	0
GO:2001146	0	0	0	0	0	0	0	0	0	0	156	0	0	0	0	0	0	0	0	0	0	0	0	0	0	0	0
GO:0071078	0	0	0	0	0	0	0	0	0	0	0	0	0	0	0	0	0	0	180	0	0	0	0	0	0	0	0
GO:0021671	0	0	0	0	0	0	0	0	0	0	0	0	0	0	0	0	0	0	0	0	0	0	0	0	0	129	0
GO:0060519	0	0	0	0	0	0	0	0	0	0	0	0	3	0	0	0	206	0	0	0	0	0	0	0	0	0	0
GO:0042815	0	0	0	0	0	0	0	0	0	0	0	0	0	0	0	0	0	0	0	0	0	0	0	0	0	0	290
GO:0033810	0	0	0	0	0	0	0	0	0	0	0	0	18	0	0	2	0	0	0	0	0	9	0	20	0	1	60
GO:0005366	0	0	1	0	0	0	0	0	0	0	0	0	0	2	0	0	0	0	1	0	3	111	0	8	0	0	0
GO:0004018	2	0	0	7	53	8	0	4	0	109	2	0	0	0	7	0	7	94	0	0	0	0	1	0	0	0	0
GO:1990623	0	6	16	7	0	8	1	4	0	0	2	0	0	0	0	3	0	1	0	0	0	2	1	126	0	0	0
GO:0051289	0	6	2	0	0	0	1	0	3	0	0	0	0	30	0	3	0	0	4	0	53	3	0	9	0	0	0
GO:0051286	0	0	0	0	0	0	0	1	7	0	0	11	0	3	0	0	0	3	4	0	4	3	0	0	83	0	0
GO:0051287	39	1	0	0	0	0	0	0	3	0	0	1	10	0	129	0	0	0	0	0	0	0	0	4	6	0	0
GO:0004013	3	0	0	119	2	139	0	79	0	13	43	0	6	0	2	0	0	0	1	0	0	0	19	0	0	0	0
GO:0051285	0	99	0	0	2	0	28	0	0	8	2	0	0	0	0	56	2	0	0	0	0	0	0	0	3	3	0
GO:0044048	0	0	0	0	45	0	0	0	12	45	0	0	24	0	0	0	0	0	0	0	0	0	0	0	0	0	0
GO:0047223	0	14	0	7	0	55	0	5	0	0	0	0	0	0	0	22	0	0	0	0	0	0	8	0	0	0	0
GO:0044592	0	0	0	0	0	0	0	0	0	0	0	0	0	0	0	0	0	0	0	0	0	0	0	0	0	0	113
GO:0006099	13	41	1	0	0	48	0	0	0	0	0	0	0	14	0	19	0	16	0	0	0	0	0	50	0	1	0
GO:0006098	3	0	0	40	0	0	7	0	0	0	0	0	0	2	71	0	0	0	0	0	0	0	0	29	32	0	0
GO:0005853	0	0	0	0	2	0	0	0	0	1	0	0	0	0	0	0	0	0	0	0	0	149	0	0	0	0	0
GO:0005971	0	0	7	0	84	0	0	0	0	125	0	0	0	0	0	0	0	2	0	0	0	0	0	0	0	0	0
GO:0005975	36	0	0	0	0	0	0	0	0	0	0	0	0	0	0	0	0	119	0	0	0	0	0	0	0	0	0
GO:0005850	0	0	0	0	0	0	0	0	48	0	58	0	92	15	0	0	0	0	0	0	0	1	0	0	0	0	0
GO:0005977	0	0	0	0	1	0	0	0	0	3	0	9	0	0	4	0	0	0	0	0	0	0	0	135	0	0	0
GO:0005976	0	0	0	0	0	0	0	0	0	0	0	0	0	0	171	0	0	1	0	0	39	5	0	0	0	0	0
GO:0005979	0	86	0	0	3	1	0	0	2	7	0	0	2	1	0	74	0	0	0	0	0	0	0	1	68	0	0
GO:0005978	0	0	0	0	0	171	0	0	0	0	0	0	0	0	0	0	0	5	63	0	0	0	1	3	0	0	0
GO:0005851	0	1	0	1	0	0	0	70	3	0	1	0	3	0	2	0	0	0	0	0	0	0	23	0	0	0	0
GO:0080024	0	2	0	133	0	0	47	0	0	0	0	0	0	0	0	0	0	0	0	0	0	0	0	10	2	37	0
GO:0006777	19	0	0	0	1	0	0	0	31	1	0	0	19	0	0	0	0	29	0	0	0	0	0	0	0	0	0
GO:0006771	0	43	0	0	5	0	0	0	0	43	1	0	0	0	34	12	0	0	0	0	28	0	0	0	0	0	0
GO:0006779	4	0	0	0	0	0	0	39	11	0	0	0	34	0	2	1	0	9	35	0	2	0	8	0	0	0	0
GO:0060679	0	0	0	0	0	0	0	0	0	0	0	0	0	0	7	0	0	125	0	0	0	0	0	0	0	0	0
GO:0033534	0	0	0	0	0	0	0	0	0	0	0	0	0	0	157	0	0	0	0	0	0	0	0	0	14	0	0
GO:0046721	0	0	0	0	0	0	0	0	0	0	0	0	0	0	0	0	0	0	0	0	0	0	0	0	0	0	121
GO:0009307	2	0	0	0	0	0	0	0	0	0	2	1	0	3	0	0	0	52	0	0	0	0	0	44	0	0	0
GO:0098596	0	0	0	0	0	0	0	0	0	0	6	0	0	0	74	0	0	5	0	0	0	0	0	23	23	0	0
GO:0075015	0	72	0	0	0	0	0	0	0	74	0	0	50	0	0	38	0	0	0	0	0	0	0	0	0	0	0
GO:0075016	0	0	0	0	0	100	0	0	0	0	0	0	0	0	0	0	0	0	0	0	0	0	12	0	0	0	0
GO:0006267	0	0	0	0	0	0	0	0	0	0	0	0	0	0	25	0	0	71	0	0	0	0	0	37	0	0	0
GO:0006260	32	0	0	0	12	0	0	0	0	0	36	0	0	3	0	0	0	10	0	2	19	83	0	0	0	0	0
GO:0006261	1	28	0	0	0	0	0	0	0	36	10	8	25	0	0	19	0	0	0	0	0	12	0	0	54	0	0
GO:0006187	0	0	0	0	0	0	0	0	19	0	0	1	0	0	100	0	0	8	0	0	0	8	0	90	9	0	0
GO:0006268	2	0	0	0	51	47	0	0	0	0	4	0	0	0	16	0	0	7	0	0	44	9	6	18	0	0	0
GO:0006269	0	64	0	0	7	0	6	0	0	98	0	2	67	0	0	54	0	0	23	0	1	0	0	0	5	0	0
GO:0005795	0	13	0	0	5	0	0	28	40	28	0	0	20	0	10	14	0	0	0	0	0	0	0	11	3	0	0
GO:0005794	0	7	0	0	5	130	0	0	7	13	0	0	10	0	11	8	0	0	0	0	6	0	23	6	0	0	0
GO:0005797	0	4	0	41	0	35	19	0	4	2	0	0	0	0	0	0	0	0	55	0	0	0	3	0	0	14	0
GO:0005790	0	0	0	107	0	0	0	9	0	0	0	0	0	0	0	0	0	0	6	0	0	0	0	0	0	32	0
GO:0030058	0	0	2	0	0	0	0	0	0	0	0	0	0	0	0	0	0	119	0	0	0	0	0	0	0	0	0
GO:0000160	1	0	0	0	0	0	0	0	0	0	0	0	0	0	0	0	0	0	0	0	0	0	0	0	23	0	85
GO:0052393	0	0	0	0	0	0	0	0	0	0	3	0	0	0	154	0	0	0	0	0	0	0	0	0	0	0	0
GO:0089712	0	0	0	0	0	0	0	0	0	0	0	0	142	0	0	0	0	1	0	0	0	0	0	0	0	0	0
GO:0089715	0	156	0	0	21	0	0	0	122	189	0	0	0	0	0	90	0	0	0	0	0	0	0	1	0	0	0
GO:0089717	0	0	0	0	0	227	0	0	0	0	0	0	0	0	0	0	0	0	0	0	0	1	0	1	0	0	0
GO:0048752	0	0	0	0	0	0	0	195	0	0	0	0	0	0	0	0	0	0	0	0	0	0	0	0	0	0	5
GO:0005161	0	0	0	202	0	0	0	0	0	0	0	0	0	0	0	0	0	0	0	0	0	0	0	0	0	0	0
GO:0000105	12	0	0	0	0	0	0	0	0	0	1	11	0	0	0	0	0	9	0	0	0	6	0	12	52	0	0
GO:0000104	0	0	0	0	0	0	0	0	0	0	0	0	0	0	8	0	0	0	0	0	3	32	0	83	0	0	0
GO:0061809	0	10	0	0	4	0	0	0	7	12	0	0	46	0	11	6	0	0	0	79	6	0	0	0	0	0	0
GO:0000100	0	62	0	0	18	0	0	0	43	69	0	0	3	0	0	34	0	0	4	0	0	0	2	0	0	0	0
GO:0010413	0	3	0	0	6	88	2	0	3	2	0	0	0	0	0	2	0	0	0	0	0	1	1	0	0	5	0
GO:0009423	17	0	0	0	0	0	0	0	0	0	0	0	0	0	0	0	0	2	0	0	21	0	0	40	24	0	0
GO:0009425	0	1	0	0	1	42	0	0	1	0	0	0	0	0	2	0	0	0	0	0	0	11	0	32	18	1	0
GO:0008483	26	0	0	0	0	0	0	0	0	0	0	0	0	0	0	0	0	0	0	0	31	0	0	44	26	0	0
GO:0008481	0	0	0	0	0	0	0	0	20	59	8	0	0	0	52	0	0	0	0	0	0	20	0	0	0	0	0
GO:0008488	0	0	0	0	0	85	0	0	0	0	0	0	13	0	0	0	0	0	42	0	0	0	0	0	0	0	0
GO:0045401	0	0	0	0	9	0	20	46	0	1	0	0	0	0	0	13	0	0	0	0	0	0	1	0	0	17	0
GO:0035513	0	0	0	0	0	0	0	0	0	0	0	0	0	0	0	0	0	0	0	0	0	0	0	0	0	0	182
GO:1901450	0	0	0	0	0	0	0	0	0	0	0	0	0	0	94	0	0	0	0	0	0	0	0	67	0	0	0
GO:0048039	0	0	0	0	0	0	0	0	0	61	4	1	0	1	0	0	0	22	30	0	0	0	0	44	0	0	0
GO:0006978	0	36	2	0	10	90	0	0	0	0	0	0	0	0	1	3	0	26	0	0	0	1	2	0	3	20	0
GO:0043982	0	0	0	0	0	0	15	0	25	0	0	0	49	0	0	10	0	0	0	0	0	0	0	0	33	0	0
GO:0004197	0	4	0	0	1	7	0	0	0	17	0	1	0	0	35	0	0	8	12	0	0	30	1	53	0	2	0
GO:0043983	0	48	0	0	11	23	1	0	2	16	0	0	3	0	0	0	0	0	1	0	0	0	0	7	0	17	0
GO:0004872	0	0	26	0	0	0	0	0	0	0	0	0	0	21	50	0	0	0	0	0	6	0	0	0	4	0	0
GO:0050663	0	0	0	0	0	0	0	0	0	0	44	8	0	0	35	0	0	133	0	0	3	48	0	0	0	0	0
GO:0050662	3	0	0	0	0	0	0	0	0	0	0	0	0	0	85	0	0	0	6	0	32	50	0	0	9	3	0
GO:0050661	24	0	0	0	0	0	0	0	0	0	0	0	0	0	177	0	0	0	0	0	40	0	0	18	57	3	0
GO:0050660	32	0	0	0	0	0	0	0	0	0	0	0	0	0	0	0	0	0	0	0	0	0	0	92	76	0	0
GO:0050667	0	0	0	0	0	0	0	0	0	0	0	0	0	0	0	0	0	1	0	0	0	0	0	135	1	0	0
GO:0050665	0	0	0	0	0	19	0	0	0	0	0	0	0	0	1	0	0	0	40	0	0	70	0	0	0	7	0
GO:0050664	0	5	0	0	10	0	3	0	3	11	0	0	0	0	0	0	0	0	50	0	0	149	0	0	0	34	0
GO:0050668	0	0	9	0	0	42	0	6	0	0	0	0	0	0	0	35	0	0	0	0	0	0	10	0	0	0	0
GO:0019939	0	0	0	12	0	93	6	0	0	24	0	0	0	14	0	56	0	0	0	0	0	1	17	0	0	0	7
GO:0034611	0	10	0	0	17	142	13	0	9	72	0	0	15	0	0	0	0	0	0	0	0	0	19	0	0	0	0
GO:0005690	0	70	0	0	33	0	31	0	44	108	0	3	47	0	0	0	0	0	0	0	0	0	0	0	0	0	0
GO:0005691	0	93	0	0	58	0	0	4	60	0	12	0	69	0	0	0	0	18	0	0	0	0	0	0	0	0	0
GO:0005692	0	2	0	26	0	0	0	46	1	0	0	0	0	0	25	0	0	0	0	0	15	0	0	0	0	0	0
GO:0005693	0	0	0	80	0	0	0	56	0	0	0	0	0	0	0	0	0	0	0	0	0	0	0	0	0	0	0
GO:0005694	12	0	0	113	0	0	0	0	0	0	0	0	0	0	0	0	0	0	0	0	0	0	0	35	27	0	0
GO:0035942	0	0	0	0	0	0	0	0	0	0	0	0	0	0	0	0	0	0	0	0	0	0	0	0	0	0	106
GO:0033829	0	0	0	0	33	71	11	4	0	41	0	0	0	0	0	0	0	0	0	0	0	0	0	0	0	0	0
GO:0031364	0	0	0	0	0	94	6	0	0	0	0	0	0	0	0	23	0	0	0	1	0	0	0	0	0	0	0
GO:0046037	0	0	0	0	24	0	0	0	24	60	0	0	38	0	0	0	0	0	0	0	0	0	10	0	0	0	11
GO:1900533	0	3	0	0	14	8	1	0	28	63	0	0	4	0	0	0	0	0	0	0	0	0	0	0	0	0	0
GO:0004028	0	44	0	6	0	111	18	1	11	2	0	0	47	0	0	0	0	0	0	0	0	0	0	0	0	0	4
GO:0044543	0	0	65	0	0	0	0	0	0	0	0	0	0	130	0	0	0	0	0	0	1	0	0	0	0	0	0
GO:0044542	0	0	0	0	0	0	0	0	0	0	0	68	0	0	0	0	0	0	0	0	267	0	0	0	0	0	0
GO:0044541	0	0	0	0	0	0	0	0	0	0	130	0	0	0	253	0	0	162	0	0	0	0	0	0	0	0	0
GO:0044540	1	0	0	0	0	0	0	0	0	0	0	0	0	0	0	0	0	0	0	0	0	0	0	481	0	0	0
GO:0006412	197	0	0	0	0	0	0	0	0	0	0	0	0	0	0	0	0	0	1	0	0	0	0	0	304	0	0
GO:0043599	0	0	0	0	0	0	0	0	0	0	0	0	0	0	0	0	0	0	325	0	0	0	0	0	0	0	0
GO:1904600	0	0	0	0	0	0	0	0	0	0	0	0	0	0	0	0	0	0	0	0	0	0	0	0	0	188	0
GO:0031898	0	0	0	0	25	31	4	0	0	25	0	0	16	0	0	0	0	0	0	0	0	0	0	0	0	0	0
GO:1902039	0	0	0	0	0	0	0	0	0	0	0	0	0	0	0	0	192	0	0	0	0	0	0	0	0	0	0
GO:0035890	0	0	1	2	8	39	8	0	0	20	0	0	15	2	0	0	0	0	13	0	0	12	0	30	0	0	0
GO:0051469	0	0	0	0	0	0	0	0	0	0	0	0	0	0	67	0	0	0	0	0	0	0	0	174	0	0	0
GO:0015851	0	123	0	0	0	6	0	0	0	0	0	0	0	0	0	0	0	0	0	0	0	0	0	0	0	0	0
GO:0097536	0	0	0	0	0	0	0	0	0	0	0	0	0	0	0	0	0	0	0	1	0	0	0	0	0	1	172
GO:0034144	0	0	0	0	0	0	0	0	0	0	16	9	0	24	0	0	0	1	0	0	0	0	0	83	0	0	0
GO:0019714	0	66	0	0	1	77	0	0	0	0	0	0	0	0	0	0	0	0	0	0	0	0	0	0	0	0	0
GO:0034143	0	0	0	66	19	0	0	7	0	16	0	0	0	0	0	3	0	0	0	0	0	0	0	0	0	0	0
GO:0061192	0	0	8	0	0	0	0	0	0	0	10	5	0	12	0	0	0	25	0	0	20	0	0	43	0	0	1
GO:0009229	13	0	1	0	0	0	0	0	0	0	16	7	0	15	25	0	0	2	0	0	3	0	0	59	0	0	1
GO:0009597	0	0	0	0	0	0	0	27	31	0	0	0	30	0	0	15	0	0	0	0	0	3	0	0	0	0	0
GO:0009595	0	0	0	0	13	0	0	32	2	32	0	0	3	0	0	21	0	0	0	0	0	0	0	0	0	0	0
GO:0032215	0	34	0	0	17	39	0	3	0	45	0	0	0	0	0	2	0	0	0	0	0	0	0	0	0	0	0
GO:0009593	0	45	0	0	1	54	3	0	0	5	0	0	0	0	0	0	0	0	0	0	0	0	0	0	0	0	0
GO:0019841	0	0	0	0	0	0	0	0	0	0	0	31	0	60	0	0	0	88	0	0	123	0	0	0	0	0	0
GO:0019842	0	0	0	0	0	0	0	0	0	0	51	0	0	0	142	0	0	3	0	0	0	0	0	258	0	0	0
GO:0019843	97	0	0	0	0	0	0	0	0	0	1	0	0	0	5	0	0	0	0	0	0	0	0	2	0	0	0
GO:0019825	0	0	0	0	0	0	0	0	0	0	0	0	0	0	0	0	0	0	0	0	0	0	0	0	159	0	0
GO:0060001	0	0	0	0	0	0	0	0	0	0	0	0	0	0	0	0	0	1	154	0	0	0	0	0	1	0	0
GO:0034042	0	0	0	0	0	0	0	0	0	0	0	0	0	0	0	0	0	0	0	0	0	107	0	0	0	0	0
GO:0008509	0	0	0	0	0	0	0	0	125	0	0	0	113	0	0	0	0	0	0	0	0	0	2	0	0	0	0
GO:0003435	0	0	0	0	0	0	0	182	1	0	0	0	1	0	0	89	0	0	0	0	0	0	0	0	0	0	0
GO:0032800	0	0	0	0	52	224	0	0	0	175	0	0	0	0	0	1	0	0	0	0	0	1	0	0	0	0	0
GO:0052009	0	193	0	0	2	4	25	0	0	3	0	0	0	0	0	0	0	2	0	0	0	0	0	0	0	0	0
GO:0006446	0	0	0	199	0	0	0	0	0	0	0	0	0	0	0	0	0	0	0	0	0	0	0	0	0	0	0
GO:1900113	0	0	0	0	0	0	0	0	0	0	0	0	0	0	0	0	0	0	0	0	0	0	0	0	0	0	229
GO:0032391	0	0	0	0	4	50	8	45	17	0	0	0	26	0	0	0	0	0	0	0	0	0	6	0	0	0	0
GO:0003213	0	0	0	0	0	44	5	51	14	0	0	0	18	0	0	0	0	0	0	3	0	0	4	0	0	0	0
GO:0008084	0	0	0	0	0	0	0	0	0	0	0	4	0	0	107	0	0	0	0	0	0	0	0	0	0	0	0
GO:0008083	0	0	0	0	0	0	0	0	0	0	0	0	0	0	8	0	0	73	0	0	0	0	0	24	0	0	0
GO:0070753	0	0	0	0	36	124	23	39	1	0	0	0	0	0	0	0	0	0	0	0	0	0	22	0	0	0	0
GO:0000049	47	0	0	0	0	0	0	0	0	0	0	0	0	0	0	0	0	57	0	0	0	0	0	130	0	0	1
GO:0000040	0	0	0	0	0	0	0	0	0	0	0	1	0	0	1	0	0	0	77	0	0	0	0	0	80	0	0
GO:0015294	0	0	0	0	36	123	15	94	64	0	0	0	68	0	0	0	0	0	0	0	0	0	20	0	0	0	0
GO:0018078	0	100	0	0	0	0	0	0	0	97	0	0	0	0	0	53	0	0	0	0	0	1	0	0	0	0	0
GO:1904040	0	3	0	106	0	0	0	0	0	4	0	0	0	0	26	2	0	0	0	0	0	0	0	0	0	0	0
GO:0030632	0	0	0	0	7	33	6	13	7	0	12	0	21	0	0	0	0	0	0	0	21	0	3	0	0	0	0
GO:1904043	0	12	0	0	0	0	0	0	0	24	0	0	0	0	0	16	0	0	27	0	0	0	0	0	27	0	0
GO:0102586	0	0	0	0	0	0	0	0	0	0	0	0	0	0	0	0	0	0	0	0	0	0	0	0	0	0	118
GO:1902612	0	0	2	0	0	0	0	0	31	0	0	0	40	0	0	0	0	0	0	0	0	89	0	0	0	0	0
GO:1902611	0	0	0	0	54	0	0	0	0	58	0	0	0	3	0	0	0	0	0	0	0	0	0	0	0	0	0
GO:0006313	1	0	0	0	0	0	0	0	0	0	7	0	0	0	107	0	0	0	0	0	0	0	0	11	0	0	0
GO:0004590	6	0	0	0	0	0	0	6	5	0	4	2	51	1	9	0	0	0	0	0	0	90	11	13	0	0	0
GO:0090421	0	7	0	0	73	82	6	0	0	81	0	0	0	0	0	7	0	2	0	0	8	0	0	0	9	0	0
GO:0004595	2	0	0	81	0	0	0	0	0	0	2	1	0	0	5	0	0	1	0	0	0	0	0	7	2	6	0
GO:0006520	15	0	0	0	0	0	0	0	0	0	21	3	0	0	49	0	0	0	2	0	0	0	0	19	0	0	1
GO:0072204	0	5	59	0	1	26	7	0	0	16	0	9	0	0	40	12	0	0	24	0	0	0	0	63	0	1	0
GO:0072207	0	0	0	0	0	0	0	0	0	0	0	0	0	118	0	0	0	0	0	0	25	0	0	0	0	0	0
GO:0072206	0	0	0	0	0	0	0	0	0	0	0	0	0	0	0	0	0	141	33	0	0	0	0	0	0	9	0
GO:0003735	188	0	0	20	0	0	0	0	0	0	114	63	0	0	224	0	0	4	0	0	0	0	0	449	0	0	0
GO:0003730	0	0	0	0	0	0	0	0	0	0	0	0	0	0	4	0	0	0	0	0	253	0	0	0	284	22	0
GO:1990499	0	0	0	0	0	0	0	0	1	0	0	0	0	0	0	0	0	0	311	0	0	4	1	0	0	0	0
GO:0000279	0	0	0	0	0	0	0	0	0	0	0	0	0	0	0	0	0	0	0	0	0	0	0	0	0	171	0
GO:0000271	7	0	0	0	0	0	0	375	233	0	6	1	279	2	18	0	0	10	0	0	0	172	54	15	0	0	0
GO:0000270	0	336	0	0	86	504	57	0	0	388	0	0	0	0	14	221	0	2	0	0	8	4	1	13	11	0	0
GO:0004968	0	0	0	446	0	0	0	0	0	0	0	0	0	0	0	0	0	0	3	0	0	0	0	0	0	8	0
GO:0004963	0	13	0	0	4	28	3	0	4	21	0	0	0	0	0	8	0	0	0	123	0	14	0	0	0	0	0
GO:1903772	0	0	0	0	0	0	0	0	0	0	0	0	0	0	0	0	172	0	0	0	0	0	0	0	0	0	1
GO:1902797	0	0	0	0	0	0	0	53	28	0	0	0	54	0	0	0	0	0	0	0	0	28	7	0	0	0	0
GO:0010030	0	37	0	1	17	107	9	0	0	72	0	0	0	0	0	34	0	0	0	0	0	0	0	0	0	0	0
GO:0018208	0	5	0	93	1	5	0	0	0	4	0	0	0	0	0	2	0	0	0	0	0	0	0	0	0	0	0
GO:1901211	0	0	0	0	0	0	0	0	0	0	0	0	0	0	0	0	0	0	0	0	0	0	0	0	0	0	387
GO:0046525	0	11	0	0	5	35	1	7	8	32	0	0	19	0	0	8	0	0	0	0	0	0	2	0	0	0	0
GO:0016884	5	2	0	0	0	0	0	0	0	0	0	2	0	0	1	0	0	159	0	0	0	0	0	5	0	0	0
GO:0016887	99	0	0	0	0	0	0	0	0	0	89	15	0	0	216	0	0	0	0	0	5	0	0	227	2	0	0
GO:0016886	0	0	0	0	0	0	0	0	0	0	0	0	0	0	0	0	0	0	6	0	137	0	0	0	116	0	0
GO:0016889	0	0	0	0	0	0	0	0	0	0	0	0	0	0	0	0	2	7	187	0	0	0	0	1	0	2	0
GO:0014011	0	2	0	0	0	2	0	6	2	2	0	0	1	0	0	1	0	0	0	0	0	177	0	0	0	0	0
GO:0014012	0	135	0	0	97	343	49	223	96	234	0	0	160	0	0	109	0	0	0	0	0	0	49	0	0	0	0
GO:0005246	0	1	0	250	0	0	0	0	1	0	0	0	0	0	0	0	0	0	0	0	0	8	0	0	0	0	0
GO:0090614	0	0	0	0	0	0	0	0	0	0	1	0	0	0	0	0	104	0	0	0	0	0	0	3	0	0	0
GO:0031468	0	0	0	0	0	0	0	0	0	0	0	0	0	0	0	0	0	0	0	0	0	0	0	0	0	0	195
GO:1900018	0	13	0	0	11	0	0	0	0	36	0	0	0	0	0	19	0	0	0	0	0	33	0	0	0	0	0
GO:0006281	35	2	0	0	1	0	0	0	0	0	29	0	0	0	0	0	17	83	0	0	0	1	0	0	0	0	0
GO:0001063	0	0	0	0	2	0	0	0	1	1	0	12	0	0	122	0	0	0	0	0	0	4	0	99	57	36	0
GO:0001062	0	0	0	0	0	1	0	0	0	0	0	0	0	0	0	0	0	0	60	0	47	0	1	0	0	0	0
GO:0001061	0	72	0	1	55	0	0	0	0	97	0	0	0	0	0	50	0	0	0	0	0	100	0	0	0	0	0
GO:0001060	0	0	0	0	0	126	15	73	48	0	0	0	63	0	0	0	0	0	0	0	0	0	22	0	0	0	0
GO:0001067	0	0	0	107	0	0	0	0	0	0	0	0	0	0	0	0	0	0	0	0	0	0	0	0	0	0	0
GO:0051301	19	65	0	0	49	0	0	0	0	60	24	0	0	0	0	29	0	82	0	0	0	102	0	0	0	0	0
GO:0051300	0	0	0	0	0	75	8	32	30	0	0	5	40	0	121	0	0	0	0	0	0	0	20	87	46	27	0
GO:0007571	0	0	0	62	0	0	0	0	0	0	0	0	0	0	0	0	0	0	30	0	20	0	0	0	0	0	0
GO:0016740	62	147	1	6	71	2	0	5	4	233	86	1	2	0	4	113	0	143	0	0	0	171	0	6	5	3	0
GO:0016741	0	0	9	2	1	334	59	136	94	0	0	22	162	1	216	0	0	1	4	0	3	1	25	188	132	80	0
GO:0016746	1	9	0	259	7	0	0	0	0	19	6	0	0	11	1	10	0	20	113	0	87	20	0	0	0	0	1
GO:0016747	4	15	0	0	17	25	5	3	5	25	8	0	11	0	28	9	0	32	0	0	0	34	3	10	8	4	0
GO:0021698	0	4	0	21	0	32	5	6	13	8	0	1	15	0	43	4	0	0	3	1	3	0	11	22	14	12	0
GO:0017160	0	0	0	0	0	0	0	0	0	0	0	0	0	0	0	0	112	0	0	0	0	0	0	0	0	0	0
GO:0015980	0	0	0	0	0	15	0	6	13	0	0	1	7	0	25	0	0	0	0	0	0	0	6	36	20	10	0
GO:0009256	0	0	0	0	0	0	0	0	0	0	0	0	0	0	3	0	0	0	1	0	1	0	0	0	0	0	164
GO:0060613	0	44	0	1	39	0	0	0	0	12	0	0	0	0	0	0	0	0	0	0	0	68	0	0	0	0	4
GO:0004517	0	56	3	4	5	0	0	0	1	23	0	0	2	0	5	20	0	4	0	0	0	0	0	4	2	1	0
GO:0004518	6	0	8	0	25	29	5	16	0	103	7	0	0	4	6	0	0	1	0	0	0	9	4	3	2	0	2
GO:0004519	44	0	0	26	0	127	7	83	13	0	16	0	18	15	1	0	0	9	0	0	0	44	11	0	0	8	0
GO:0047104	0	0	0	114	0	0	0	0	48	0	0	1	87	0	13	0	0	36	12	0	0	0	0	27	18	21	0
GO:0009931	0	0	0	0	0	0	0	0	0	0	0	16	0	0	52	0	0	0	74	1	10	0	0	73	51	0	0
GO:0003984	4	6	2	0	10	14	0	4	0	15	5	0	0	0	3	0	0	0	0	0	2	3	0	10	7	4	13
GO:0003985	1	0	2	11	1	19	2	6	4	1	0	0	5	3	13	0	0	3	4	0	0	17	3	0	0	7	4
GO:0000162	12	32	0	0	48	0	0	0	0	64	8	0	0	0	0	9	0	0	0	0	0	0	0	0	0	0	0
GO:0000165	0	0	4	0	5	77	11	1	0	20	0	0	0	0	0	0	0	0	0	0	0	141	16	0	0	12	0
GO:0000164	0	0	0	64	0	25	4	18	16	0	0	0	39	8	0	0	0	9	18	0	0	9	2	0	0	0	0
GO:0000167	0	0	0	21	0	0	0	0	20	0	0	0	13	0	0	0	0	0	0	0	0	0	0	40	24	0	0
GO:0000166	26	58	0	0	0	0	0	0	0	0	31	4	0	0	12	43	0	0	0	0	14	0	0	0	0	0	0
GO:0004890	0	0	14	0	30	0	0	0	0	80	0	0	0	0	0	0	0	0	0	0	0	0	0	0	0	32	0
GO:0004897	0	0	0	0	0	103	19	53	0	0	0	0	0	23	0	0	0	47	42	0	0	57	14	0	0	0	0
GO:0004896	0	0	0	86	0	0	0	0	41	0	0	0	55	0	0	0	0	0	0	0	0	0	0	82	48	0	0
GO:0015419	0	0	0	0	0	0	0	0	0	0	0	8	0	0	69	0	0	0	0	0	33	0	0	0	0	0	0
GO:0051539	63	0	0	0	0	0	0	0	0	0	51	0	0	0	0	0	0	0	0	0	0	0	0	0	0	3	0
GO:0051534	0	9	43	0	0	0	0	0	0	0	0	0	0	0	0	2	0	8	5	0	0	0	0	0	0	102	0
GO:0060801	0	266	0	0	6	0	0	0	0	3	0	0	0	68	0	69	0	122	111	0	0	0	0	11	5	0	0
GO:0051536	98	0	0	0	78	4	2	5	0	151	76	0	0	0	11	0	0	0	0	0	1	10	0	321	225	0	0
GO:0051537	13	0	50	3	0	189	18	127	3	0	20	27	2	0	170	0	0	0	0	0	79	154	23	0	0	106	0
GO:0060804	0	0	6	168	0	0	0	0	194	0	0	0	101	84	0	0	0	40	163	0	0	0	0	0	0	23	0
GO:0051531	0	0	0	0	0	0	0	0	0	0	0	0	0	9	0	0	0	61	21	0	0	0	0	204	138	0	0
GO:0051532	0	0	0	0	0	0	0	0	0	0	0	45	0	0	49	0	0	0	0	0	132	0	0	68	39	0	0
GO:0016157	0	42	0	0	1	2	0	0	0	2	0	0	0	16	3	15	0	24	28	0	0	2	1	1	0	0	0
GO:0016156	0	0	0	1	18	2	0	1	0	36	0	0	0	0	3	0	0	0	0	0	1	1	0	42	36	0	0
GO:0016155	0	0	0	2	1	43	7	31	0	0	0	12	0	0	35	0	0	0	0	0	23	29	7	0	0	0	0
GO:0016154	0	0	0	42	0	0	0	0	33	0	0	0	26	0	0	0	0	0	0	0	0	2	1	0	0	0	0
GO:0097732	0	0	0	0	0	0	0	0	0	0	0	0	0	0	0	0	87	0	0	18	0	0	0	0	0	0	73
GO:0097194	0	0	0	0	0	0	0	0	0	0	0	0	0	0	0	0	0	0	0	1	0	0	0	0	0	0	302
GO:0036344	0	0	0	29	0	32	2	12	16	0	0	2	16	12	1	0	0	5	0	0	4	0	2	25	3	0	0
GO:0071971	0	0	0	0	0	0	0	0	15	0	0	0	0	0	0	0	2	35	0	0	0	0	0	56	0	0	0
GO:0006811	0	3	0	37	7	46	14	16	11	0	0	0	29	0	0	0	0	0	0	0	0	0	2	0	0	0	0
GO:0006810	72	128	0	0	90	0	0	0	0	145	59	0	0	0	0	74	0	0	0	0	0	15	0	0	0	66	0
GO:0006817	5	15	32	0	8	0	0	0	3	21	11	0	0	0	0	12	0	10	123	0	0	227	2	3	0	9	0
GO:0006816	0	0	4	153	0	229	40	143	88	0	0	0	102	42	15	0	0	184	9	0	0	14	33	196	3	0	0
GO:0006814	4	0	0	22	0	31	7	10	11	0	5	11	15	7	249	0	0	12	0	0	87	0	3	19	106	8	0
GO:0003824	129	197	0	0	72	0	0	0	0	302	115	0	0	7	0	173	0	20	0	0	0	2	0	21	0	124	0
GO:0003827	0	0	61	0	0	0	0	0	0	0	0	3	0	0	32	0	0	1	242	0	4	194	0	0	17	0	0
GO:0003826	0	0	0	324	1	412	82	293	156	0	0	0	214	100	2	0	0	176	0	7	0	0	33	300	0	0	0
GO:0003823	0	0	0	0	0	0	0	0	0	0	0	53	0	0	237	0	0	0	0	0	191	2	0	0	179	0	0
GO:0043905	0	0	0	3	0	3	0	0	1	0	0	0	2	0	30	0	68	0	0	0	0	0	1	0	0	0	0
GO:1905151	0	0	0	0	0	0	0	0	0	0	0	0	0	0	0	0	138	0	0	0	0	0	0	0	0	0	0
GO:0005893	0	0	0	0	0	0	0	0	0	0	0	0	0	0	0	0	0	0	0	0	0	0	0	0	0	0	173
GO:0005894	0	0	0	0	0	0	0	0	0	0	0	0	0	0	0	0	0	0	0	0	0	0	0	0	0	0	246
GO:0009097	11	0	5	0	0	0	0	0	0	0	8	0	0	15	0	0	0	12	13	0	0	0	0	51	0	17	0
GO:0009094	1	0	7	0	0	0	0	0	0	0	2	8	0	8	18	0	0	11	20	0	20	0	0	31	33	3	0
GO:0009095	0	39	1	0	8	0	0	0	0	29	0	3	0	12	18	14	0	19	3	0	10	0	0	52	19	0	0
GO:0009092	0	24	0	0	8	0	0	0	0	19	0	5	0	2	29	9	2	3	0	0	15	14	0	9	33	0	0
GO:0009093	0	41	0	33	12	36	3	26	28	28	0	1	20	0	4	12	0	0	0	0	2	14	5	0	6	0	0
GO:0009090	0	7	0	22	2	25	3	13	16	7	0	0	12	0	0	4	0	0	0	0	0	23	4	3	0	0	0
GO:0009091	0	0	0	32	0	36	4	20	28	0	0	0	17	0	0	0	0	0	0	0	0	3	7	0	2	0	0
GO:1903177	0	0	3	0	0	0	0	0	0	0	0	5	0	0	35	0	0	0	4	9	25	0	0	0	23	0	0
GO:0070944	0	31	0	0	14	0	0	0	0	71	0	0	0	3	0	36	0	9	0	1	0	0	0	9	0	0	0
GO:0070946	0	8	0	72	6	85	21	38	17	8	0	0	50	0	0	3	14	0	0	0	0	0	9	0	0	0	0
GO:0072567	0	31	0	0	11	0	0	0	0	35	0	0	0	0	0	17	0	0	0	0	0	6	0	0	0	0	0
GO:0006203	0	0	0	40	0	45	5	33	23	0	0	0	24	0	0	0	0	0	0	0	0	0	5	0	0	0	0
GO:0050892	0	0	0	37	0	38	1	7	6	0	0	2	25	0	5	0	0	0	0	0	5	0	0	0	6	0	0
GO:0004174	0	14	0	0	15	0	0	0	0	33	0	0	0	4	0	19	0	8	0	0	0	0	0	16	0	0	0
GO:0051383	0	0	0	36	0	55	9	33	9	0	0	0	22	0	0	0	0	1	0	0	0	0	7	1	0	0	0
GO:0010668	0	0	0	19	0	21	2	25	13	0	0	6	11	0	25	0	0	0	0	0	17	0	4	0	16	0	0
GO:0051608	0	34	0	0	3	0	0	0	0	20	0	0	0	10	0	5	0	4	0	0	0	0	0	42	0	0	0
GO:1904813	0	0	0	22	0	25	0	26	31	0	0	0	11	0	3	0	0	0	0	0	0	3	0	0	0	0	0
GO:0003423	0	11	0	14	6	17	3	14	4	14	0	0	10	0	1	8	0	0	0	0	1	4	1	4	0	0	0
GO:0003426	0	359	0	7	99	8	1	6	3	436	0	0	5	0	0	245	0	0	0	1	0	0	0	2	0	0	0
GO:0048779	0	0	0	498	0	563	62	394	247	0	0	0	311	0	0	0	0	0	0	0	0	194	63	0	0	0	0
GO:0048777	0	0	0	0	0	0	0	0	0	0	0	0	0	0	0	0	0	0	0	129	0	0	0	0	0	0	0
GO:0004814	3	8	2	7	1	8	1	13	4	14	2	1	5	5	5	6	0	1	5	0	8	3	1	10	8	3	415
GO:0004817	2	5	1	14	2	17	3	14	4	8	1	2	10	2	3	5	0	3	5	0	9	4	1	10	5	3	0
GO:0004816	1	7	1	15	1	16	1	13	8	7	0	1	9	2	4	4	0	2	4	0	4	1	0	7	5	2	0
GO:0071538	0	0	1	27	0	28	3	6	5	0	0	1	15	2	35	0	1	24	0	0	4	31	2	10	6	3	1
